-- MySQL dump 10.13  Distrib 8.0.0-dmr, for Win64 (x86_64)
--
-- Host: localhost    Database: team06
-- ------------------------------------------------------
-- Server version	5.5.5-10.4.28-MariaDB

/*!40101 SET @OLD_CHARACTER_SET_CLIENT=@@CHARACTER_SET_CLIENT */;
/*!40101 SET @OLD_CHARACTER_SET_RESULTS=@@CHARACTER_SET_RESULTS */;
/*!40101 SET @OLD_COLLATION_CONNECTION=@@COLLATION_CONNECTION */;
/*!40101 SET NAMES utf8 */;
/*!40103 SET @OLD_TIME_ZONE=@@TIME_ZONE */;
/*!40103 SET TIME_ZONE='+00:00' */;
/*!40014 SET @OLD_UNIQUE_CHECKS=@@UNIQUE_CHECKS, UNIQUE_CHECKS=0 */;
/*!40014 SET @OLD_FOREIGN_KEY_CHECKS=@@FOREIGN_KEY_CHECKS, FOREIGN_KEY_CHECKS=0 */;
/*!40101 SET @OLD_SQL_MODE=@@SQL_MODE, SQL_MODE='NO_AUTO_VALUE_ON_ZERO' */;
/*!40111 SET @OLD_SQL_NOTES=@@SQL_NOTES, SQL_NOTES=0 */;

--
-- Table structure for table `allergy`
--

DROP TABLE IF EXISTS `allergy`;
/*!40101 SET @saved_cs_client     = @@character_set_client */;
/*!40101 SET character_set_client = utf8 */;
CREATE TABLE `allergy` (
  `Allergy_ID` int(11) NOT NULL,
  `Allergy_name` varchar(20) NOT NULL,
  PRIMARY KEY (`Allergy_ID`)
) ENGINE=InnoDB DEFAULT CHARSET=utf8mb4 COLLATE=utf8mb4_general_ci;
/*!40101 SET character_set_client = @saved_cs_client */;

--
-- Dumping data for table `allergy`
--

LOCK TABLES `allergy` WRITE;
/*!40000 ALTER TABLE `allergy` DISABLE KEYS */;
INSERT INTO `allergy` VALUES (1,'우유'),(2,'메밀'),(3,'땅콩'),(4,'대두'),(5,'밀'),(6,'복숭아'),(7,'토마토'),(8,'호두'),(9,'돼지고기'),(10,'쇠고기'),(11,'갑각류');
/*!40000 ALTER TABLE `allergy` ENABLE KEYS */;
UNLOCK TABLES;

--
-- Table structure for table `bookmark`
--

DROP TABLE IF EXISTS `bookmark`;
/*!40101 SET @saved_cs_client     = @@character_set_client */;
/*!40101 SET character_set_client = utf8 */;
CREATE TABLE `bookmark` (
  `User_ID` varchar(10) NOT NULL,
  `Res_ID` int(11) NOT NULL,
  PRIMARY KEY (`User_ID`,`Res_ID`),
  KEY `FK_Restaurant_TO_Bookmark_1` (`Res_ID`),
  CONSTRAINT `FK_Restaurant_TO_Bookmark_1` FOREIGN KEY (`Res_ID`) REFERENCES `restaurant` (`Res_ID`),
  CONSTRAINT `FK_User_TO_Bookmark_1` FOREIGN KEY (`User_ID`) REFERENCES `user` (`User_ID`)
) ENGINE=InnoDB DEFAULT CHARSET=utf8mb4 COLLATE=utf8mb4_general_ci;
/*!40101 SET character_set_client = @saved_cs_client */;

--
-- Dumping data for table `bookmark`
--

LOCK TABLES `bookmark` WRITE;
/*!40000 ALTER TABLE `bookmark` DISABLE KEYS */;
/*!40000 ALTER TABLE `bookmark` ENABLE KEYS */;
UNLOCK TABLES;

--
-- Table structure for table `category`
--

DROP TABLE IF EXISTS `category`;
/*!40101 SET @saved_cs_client     = @@character_set_client */;
/*!40101 SET character_set_client = utf8 */;
CREATE TABLE `category` (
  `Category_ID` int(11) NOT NULL,
  `Category_name` varchar(20) NOT NULL,
  PRIMARY KEY (`Category_ID`)
) ENGINE=InnoDB DEFAULT CHARSET=utf8mb4 COLLATE=utf8mb4_general_ci;
/*!40101 SET character_set_client = @saved_cs_client */;

--
-- Dumping data for table `category`
--

LOCK TABLES `category` WRITE;
/*!40000 ALTER TABLE `category` DISABLE KEYS */;
INSERT INTO `category` VALUES (1,'분식'),(2,'중식당'),(3,'양식당'),(4,'한식당'),(5,'일식당'),(6,'피자'),(7,'카페');
/*!40000 ALTER TABLE `category` ENABLE KEYS */;
UNLOCK TABLES;

--
-- Table structure for table `hospital`
--

DROP TABLE IF EXISTS `hospital`;
/*!40101 SET @saved_cs_client     = @@character_set_client */;
/*!40101 SET character_set_client = utf8 */;
CREATE TABLE `hospital` (
  `Hos_ID` varchar(10) NOT NULL,
  `Hos_name` varchar(10) NOT NULL,
  `Hos_address` varchar(20) NOT NULL,
  `Hos_num` varchar(20) NOT NULL,
  PRIMARY KEY (`Hos_ID`)
) ENGINE=InnoDB DEFAULT CHARSET=utf8mb4 COLLATE=utf8mb4_general_ci;
/*!40101 SET character_set_client = @saved_cs_client */;

--
-- Dumping data for table `hospital`
--

LOCK TABLES `hospital` WRITE;
/*!40000 ALTER TABLE `hospital` DISABLE KEYS */;
INSERT INTO `hospital` VALUES ('1','김은정병원','서울특별시 서대문구','0287001885'),('10','김민수병원','서울특별시 서대문구','0238112827'),('11','이미영병원','서울특별시 마포구 ','0246288087'),('12','박현우병원','서울특별시 마포구 ','0263358229'),('13','손현지병원','서울특별시 마포구 ','0293061708'),('14','남영희병원','서울특별시 서대문구','0232093238'),('15','박영일병원','서울특별시 마포구 ','0262108888'),('16','이성훈병원','서울특별시 서대문구','0243186887'),('17','박시우병원','서울특별시 마포구 ','0210177275'),('18','성상호병원','서울특별시 마포구 ','0249324683'),('19','이미경병원','서울특별시 서대문구','0264989344'),('2','이순옥병원','서울특별시 서대문구','0266041134'),('20','최춘자병원','서울특별시 서대문구','0296538963'),('21','홍민재병원','서울특별시 서대문구','0224244793'),('22','홍은경병원','서울특별시 마포구 ','0211354478'),('23','최수빈병원','서울특별시 마포구 ','0246225474'),('24','김보람병원','서울특별시 마포구 ','0257306167'),('25','김정자병원','서울특별시 마포구 ','0218592635'),('26','박상현병원','서울특별시 서대문구','0272644925'),('27','박성수병원','서울특별시 마포구 ','0229792740'),('28','김경자병원','서울특별시 서대문구','0236685050'),('29','박춘자병원','서울특별시 서대문구','0262431155'),('3','황건우병원','서울특별시 마포구 ','0282146025'),('30','남성진병원','서울특별시 서대문구','0266945572'),('31','이명숙병원','서울특별시 마포구 ','0243752434'),('32','강상현병원','서울특별시 마포구 ','0237867680'),('33','김수진병원','서울특별시 서대문구','0225306514'),('34','정지영병원','서울특별시 서대문구','0267798141'),('35','박서준병원','서울특별시 마포구 ','0284189188'),('36','이혜진병원','서울특별시 서대문구','0232929736'),('37','김은영병원','서울특별시 서대문구','0236617181'),('38','김미경병원','서울특별시 마포구 ','0227987101'),('39','박서영병원','서울특별시 마포구 ','0282724083'),('4','오수빈병원','서울특별시 서대문구','0224674359'),('40','안현지병원','서울특별시 마포구 ','0212227595'),('41','장순자병원','서울특별시 서대문구','0231535301'),('42','김종수병원','서울특별시 마포구 ','0299185442'),('43','윤영철병원','서울특별시 서대문구','0271779375'),('44','윤선영병원','서울특별시 서대문구','0258472308'),('45','박영환병원','서울특별시 서대문구','0217996270'),('46','송보람병원','서울특별시 서대문구','0235476523'),('47','신중수병원','서울특별시 마포구 ','0296079294'),('48','이지영병원','서울특별시 마포구 ','0278801668'),('49','이지영병원','서울특별시 서대문구','0216108019'),('5','윤성훈병원','서울특별시 서대문구','0278761785'),('50','한윤서병원','서울특별시 마포구 ','0277316298'),('6','이영자병원','서울특별시 마포구 ','0266051586'),('7','장민준병원','서울특별시 서대문구','0297114263'),('8','박상훈병원','서울특별시 마포구 ','0216877726'),('9','권선영병원','서울특별시 마포구 ','0296383221');
/*!40000 ALTER TABLE `hospital` ENABLE KEYS */;
UNLOCK TABLES;

--
-- Table structure for table `menu_allergy`
--

DROP TABLE IF EXISTS `menu_allergy`;
/*!40101 SET @saved_cs_client     = @@character_set_client */;
/*!40101 SET character_set_client = utf8 */;
CREATE TABLE `menu_allergy` (
  `Res_menu_ID` int(11) NOT NULL,
  `Allergy_ID` int(11) NOT NULL,
  PRIMARY KEY (`Res_menu_ID`,`Allergy_ID`),
  KEY `FK_Allergy_TO_Menu_allergy_1` (`Allergy_ID`),
  CONSTRAINT `FK_Allergy_TO_Menu_allergy_1` FOREIGN KEY (`Allergy_ID`) REFERENCES `allergy` (`Allergy_ID`),
  CONSTRAINT `FK_Res_menu_TO_Menu_allergy_1` FOREIGN KEY (`Res_menu_ID`) REFERENCES `res_menu` (`Res_menu_ID`)
) ENGINE=InnoDB DEFAULT CHARSET=utf8mb4 COLLATE=utf8mb4_general_ci;
/*!40101 SET character_set_client = @saved_cs_client */;

--
-- Dumping data for table `menu_allergy`
--

LOCK TABLES `menu_allergy` WRITE;
/*!40000 ALTER TABLE `menu_allergy` DISABLE KEYS */;
INSERT INTO `menu_allergy` VALUES (1,9),(3,1),(5,1),(24,10),(25,1);
/*!40000 ALTER TABLE `menu_allergy` ENABLE KEYS */;
UNLOCK TABLES;

--
-- Table structure for table `pharmacy`
--

DROP TABLE IF EXISTS `pharmacy`;
/*!40101 SET @saved_cs_client     = @@character_set_client */;
/*!40101 SET character_set_client = utf8 */;
CREATE TABLE `pharmacy` (
  `Drug_ID` varchar(10) NOT NULL,
  `Drug_address` varchar(20) NOT NULL,
  `Drug_name` varchar(20) NOT NULL,
  `Drug_num` varchar(20) NOT NULL,
  PRIMARY KEY (`Drug_ID`)
) ENGINE=InnoDB DEFAULT CHARSET=utf8mb4 COLLATE=utf8mb4_general_ci;
/*!40101 SET character_set_client = @saved_cs_client */;

--
-- Dumping data for table `pharmacy`
--

LOCK TABLES `pharmacy` WRITE;
/*!40000 ALTER TABLE `pharmacy` DISABLE KEYS */;
INSERT INTO `pharmacy` VALUES ('1','서울특별시 서대문구 용강동','이정자약국','0265051031'),('10','서울특별시 서대문구 망원동','정수민약국','0247734103'),('11','서울특별시 서대문구 용강동','김영철약국','0221262821'),('12','서울특별시 서대문구 합정동','정예은약국','0281769637'),('13','서울특별시 마포구 공덕동','김미숙약국','0298966357'),('14','서울특별시 서대문구 신수동','차은영약국','0234284898'),('15','서울특별시 마포구 성산동','서영철약국','0237815374'),('16','서울특별시 서대문구 공덕동','이진호약국','0256678327'),('17','서울특별시 서대문구 신촌동','최정수약국','0230966211'),('18','서울특별시 마포구 충현동','김지연약국','0284713503'),('19','서울특별시 마포구 서교동','이숙자약국','0263146170'),('2','서울특별시 마포구 성산동','배성수약국','0231521860'),('20','서울특별시 서대문구 합정동','이준호약국','0290958291'),('21','서울특별시 서대문구 염리동','이병철약국','0242433205'),('22','서울특별시 마포구 공덕동','김혜진약국','0298993638'),('23','서울특별시 서대문구 염리동','류은정약국','0252753669'),('24','서울특별시 마포구 용강동','노수진약국','0276038657'),('25','서울특별시 마포구 용강동','이정순약국','0282447273'),('26','서울특별시 서대문구 아현동','장우진약국','0232292062'),('27','서울특별시 서대문구 아현동','강지우약국','0266408475'),('28','서울특별시 마포구 충현동','최은정약국','0240577516'),('29','서울특별시 서대문구 공덕동','최예지약국','0235249004'),('3','서울특별시 마포구 북아현동','문정수약국','0223738906'),('30','서울특별시 서대문구 충현동','이혜진약국','0210588276'),('31','서울특별시 서대문구 북아현동','박상현약국','0294198728'),('32','서울특별시 마포구 성산동','이순자약국','0214978348'),('33','서울특별시 마포구 서교동','이지은약국','0260983935'),('34','서울특별시 마포구 아현동','노영길약국','0237072995'),('35','서울특별시 서대문구 도화동','한은정약국','0220348480'),('36','서울특별시 서대문구 성산동','한예지약국','0290886653'),('37','서울특별시 마포구 신수동','송건우약국','0287266119'),('38','서울특별시 서대문구 연남동','김보람약국','0264026896'),('39','서울특별시 마포구 서강동','이지아약국','0224085413'),('4','서울특별시 마포구 염리동','이현지약국','0257289390'),('40','서울특별시 서대문구 성산동','고영호약국','0265613542'),('41','서울특별시 서대문구 아현동','최현지약국','0235547463'),('42','서울특별시 마포구 신촌동','고병철약국','0227695735'),('43','서울특별시 서대문구 도화동','최준서약국','0258911734'),('44','서울특별시 마포구 아현동','박예지약국','0281717563'),('45','서울특별시 마포구 도화동','김예원약국','0230903780'),('46','서울특별시 서대문구 서교동','서서영약국','0241429370'),('47','서울특별시 서대문구 용강동','김서영약국','0217047305'),('48','서울특별시 마포구 공덕동','한서준약국','0262762376'),('49','서울특별시 마포구 신촌동','김정숙약국','0219745028'),('5','서울특별시 마포구 충현동','윤상호약국','0285793908'),('50','서울특별시 서대문구 대흥동','황민지약국','0234629225'),('6','서울특별시 마포구 신촌동','박중수약국','0293766515'),('7','서울특별시 마포구 용강동','김병철약국','0238716950'),('8','서울특별시 마포구 대흥동','송민지약국','0242862783'),('9','서울특별시 마포구 신수동','박종수약국','0252037450');
/*!40000 ALTER TABLE `pharmacy` ENABLE KEYS */;
UNLOCK TABLES;

--
-- Table structure for table `res_menu`
--

DROP TABLE IF EXISTS `res_menu`;
/*!40101 SET @saved_cs_client     = @@character_set_client */;
/*!40101 SET character_set_client = utf8 */;
CREATE TABLE `res_menu` (
  `Res_menu_ID` int(11) NOT NULL,
  `Res_menu_name` varchar(20) NOT NULL,
  `Res_ID` int(11) NOT NULL,
  `Res_menu_price` int(11) NOT NULL,
  PRIMARY KEY (`Res_menu_ID`)
) ENGINE=InnoDB DEFAULT CHARSET=utf8mb4 COLLATE=utf8mb4_general_ci;
/*!40101 SET character_set_client = @saved_cs_client */;

--
-- Dumping data for table `res_menu`
--

LOCK TABLES `res_menu` WRITE;
/*!40000 ALTER TABLE `res_menu` DISABLE KEYS */;
INSERT INTO `res_menu` VALUES (1,'탕수육',20,3000),(2,'스테이크',34,30000),(3,'크림파스타',65,19000),(4,'말차라떼',96,23000),(5,'로제파스타',42,18000),(6,'사케동',92,6000),(7,'마카롱',45,37000),(8,'김치찌개',23,17000),(9,'나베',55,15000),(10,'치즈피자',30,32000),(11,'치즈피자',4,37000),(12,'나베',32,13000),(13,'페페로니피자',38,8000),(14,'일본식카레',89,19000),(15,'말차라떼',26,39000),(16,'토마토파스타',16,34000),(17,'짬뽕',78,24000),(18,'하와이안 피자',24,3000),(19,'스시',55,18000),(20,'짜장면',56,24000),(21,'짜장면',1,33000),(22,'탕수육',56,20000),(23,'로제파스타',7,38000),(24,'스테이크',34,11000),(25,'카페라떼',96,11000),(26,'사케동',47,16000),(27,'리조또',90,12000),(28,'사케동',60,8000),(29,'아메리카노',88,21000),(30,'스시',92,30000),(31,'삼겹살',86,21000),(32,'카페라떼',96,34000),(33,'페페로니피자',66,6000),(34,'탕수육',1,31000),(35,'나베',68,25000),(36,'볶음밥',51,26000),(37,'순대',87,39000),(38,'나베',84,21000),(39,'브라우니',69,20000),(40,'라면',86,9000),(41,'김치찌개',23,31000),(42,'갈비',86,12000),(43,'백짬뽕',85,12000),(44,'로제파스타',7,34000),(45,'갈비',5,4000),(46,'로제파스타',17,35000),(47,'페페로니피자',77,33000),(48,'치즈피자',37,29000),(49,'고르곤졸라',30,33000),(50,'마카롱',64,35000),(51,'짬뽕밥',97,33000),(52,'탕수육',78,25000),(53,'냉면',23,21000),(54,'양장피',31,18000),(55,'마카롱',71,37000),(56,'스시',47,39000),(57,'로제파스타',42,17000),(58,'돈까스',3,14000),(59,'김치찌개',53,15000),(60,'로제파스타',43,29000),(61,'사케동',68,17000),(62,'토마토파스타',44,13000),(63,'삼겹살',63,36000),(64,'고르곤졸라',61,26000),(65,'하와이안 피자',79,35000),(66,'일본식카레',47,12000),(67,'사케동',21,10000),(68,'탕수육',31,14000),(69,'탕수육',62,36000),(70,'오뎅',12,20000),(71,'사케동',48,26000),(72,'스테이크',75,9000),(73,'라면',23,14000),(74,'일본식카레',47,4000),(75,'짬뽕밥',20,10000),(76,'일본식카레',92,28000),(77,'스시',94,38000),(78,'오뎅',3,9000),(79,'나베',49,34000),(80,'토마토파스타',19,21000),(81,'짜장면',31,25000),(82,'크림파스타',43,26000),(83,'치즈피자',93,32000),(84,'페페로니피자',4,19000),(85,'비빔밥',6,4000),(86,'탕수육',1,26000),(87,'라멘',58,35000),(88,'일본식카레',94,10000),(89,'크림파스타',10,14000),(90,'리조또',16,35000),(91,'딸기라떼',57,3000),(92,'페페로니피자',50,21000),(93,'김치찌개',53,29000),(94,'브라우니',98,33000),(95,'된장찌개',23,32000),(96,'페페로니피자',73,4000),(97,'라멘',55,4000),(98,'고르곤졸라',4,36000),(99,'치즈피자',38,18000),(100,'탕수육',1,9000),(101,'사케동',80,37000),(102,'갈비',6,29000),(103,'말차라떼',98,20000),(104,'리조또',7,14000),(105,'페페로니피자',91,28000),(106,'비빔밥',86,9000),(107,'스시',89,19000),(108,'짬뽕밥',82,5000),(109,'로제파스타',67,26000),(110,'마카롱',71,28000),(111,'사케동',89,14000),(112,'사케동',55,36000),(113,'사케동',32,19000),(114,'짜장면',1,5000),(115,'갈비',53,34000),(116,'사케동',47,35000),(117,'라멘',60,30000),(118,'순대',22,36000),(119,'스테이크',40,31000),(120,'치즈피자',30,39000),(121,'라면',27,21000),(122,'오뎅',41,18000),(123,'크림파스타',17,18000),(124,'오뎅',41,5000),(125,'고르곤졸라',83,34000),(126,'스시',89,6000),(127,'사케동',94,24000),(128,'하와이안 피자',83,34000),(129,'스시',92,26000),(130,'스테이크',36,16000),(131,'치즈피자',30,25000),(132,'갈비',46,14000),(133,'짬뽕밥',20,39000),(134,'페페로니피자',74,26000),(135,'김치찌개',46,34000),(136,'크림파스타',36,11000),(137,'냉면',53,13000),(138,'라멘',55,15000),(139,'페페로니피자',61,16000),(140,'순대',18,32000),(141,'탕수육',85,8000),(142,'짜장면',20,16000),(143,'크림파스타',13,16000),(144,'아메리카노',57,18000),(145,'탕수육',85,19000),(146,'아메리카노',98,39000),(147,'토마토파스타',19,16000),(148,'일본식카레',92,25000),(149,'하와이안 피자',38,24000),(150,'짬뽕밥',78,28000),(151,'삼겹살',27,27000),(152,'크림파스타',13,18000),(153,'로제파스타',19,39000),(154,'짬뽕',20,23000),(155,'라면',6,14000),(156,'카페라떼',69,20000),(157,'비빔밥',86,33000),(158,'오뎅',41,6000),(159,'짜장면',56,14000),(160,'페페로니피자',77,36000),(161,'페페로니피자',76,6000),(162,'토마토파스타',7,38000),(163,'딸기라떼',72,26000),(164,'순대',33,18000),(165,'크림파스타',65,18000),(166,'나베',95,21000),(167,'짬뽕밥',20,21000),(168,'삼겹살',46,28000),(169,'라멘',68,5000),(170,'짬뽕',81,19000),(171,'고르곤졸라',8,5000),(172,'짜장면',20,20000),(173,'김밥',15,31000),(174,'크림파스타',34,27000),(175,'사케동',48,15000),(176,'페페로니피자',38,15000),(177,'짬뽕',39,15000),(178,'짜장면',39,20000),(179,'스테이크',34,8000),(180,'카페라떼',71,38000),(181,'짬뽕밥',56,16000),(182,'치즈피자',24,11000),(183,'스테이크',43,17000),(184,'페페로니피자',8,38000),(185,'사케동',95,16000),(186,'떡볶이',41,13000),(187,'짜장면',31,31000),(188,'토마토파스타',35,5000),(189,'순대',18,33000),(190,'나베',60,27000),(191,'하와이안 피자',76,23000),(192,'사케동',52,19000),(193,'페페로니피자',37,7000),(194,'비빔밥',53,33000),(195,'오뎅',18,33000),(196,'김밥',51,3000),(197,'리조또',10,5000),(198,'페페로니피자',14,25000),(199,'라멘',47,22000),(200,'나베',94,16000),(201,'로제파스타',34,26000),(202,'스시',52,25000),(203,'치즈피자',54,31000),(204,'토마토파스타',13,32000),(205,'스시',60,17000),(206,'일본식카레',92,29000),(207,'토마토파스타',75,9000),(208,'일본식카레',95,26000),(209,'말차라떼',57,17000),(210,'양장피',78,17000),(211,'스테이크',10,9000),(212,'일본식카레',95,6000),(213,'리조또',90,19000),(214,'라멘',2,15000),(215,'사케동',52,6000),(216,'나베',80,12000),(217,'라멘',95,7000),(218,'냉면',6,10000),(219,'치즈케이크',96,5000),(220,'크림파스타',34,22000),(221,'짬뽕밥',29,31000),(222,'짬뽕밥',62,27000),(223,'리조또',67,28000),(224,'탕수육',1,14000),(225,'리조또',40,38000),(226,'떡볶이',12,31000),(227,'일본식카레',47,12000),(228,'로제파스타',75,15000),(229,'하와이안 피자',77,14000),(230,'스테이크',43,33000),(231,'리조또',67,38000),(232,'나베',84,31000),(233,'고르곤졸라',30,19000),(234,'일본식카레',95,11000),(235,'크림파스타',34,34000),(236,'고르곤졸라',8,3000),(237,'짬뽕',97,8000),(238,'치즈피자',8,26000),(239,'짬뽕밥',85,13000),(240,'된장찌개',23,25000),(241,'크림파스타',19,6000),(242,'페페로니피자',14,17000),(243,'사케동',94,25000),(244,'짜장면',97,5000),(245,'백짬뽕',29,19000),(246,'페페로니피자',50,6000),(247,'사케동',58,20000),(248,'라면',46,15000),(249,'짬뽕밥',9,39000),(250,'아메리카노',88,13000),(251,'로제파스타',13,39000),(252,'페페로니피자',74,28000),(253,'순대',3,19000),(254,'하와이안 피자',38,38000),(255,'오뎅',18,22000),(256,'스테이크',75,36000),(257,'고르곤졸라',77,28000),(258,'페페로니피자',38,11000),(259,'고르곤졸라',14,28000),(260,'김밥',18,12000),(261,'냉면',27,26000),(262,'리조또',65,25000),(263,'짬뽕',1,27000),(264,'백짬뽕',39,17000),(265,'나베',32,21000),(266,'떡볶이',18,14000),(267,'치즈피자',50,17000),(268,'페페로니피자',54,37000),(269,'라멘',21,33000),(270,'하와이안 피자',76,12000),(271,'치즈케이크',71,16000),(272,'스테이크',90,30000),(273,'탕수육',78,29000),(274,'라멘',95,4000),(275,'라면',70,34000),(276,'고르곤졸라',54,31000),(277,'치즈케이크',64,15000),(278,'치즈피자',93,36000),(279,'사케동',89,16000),(280,'치즈케이크',69,12000),(281,'고르곤졸라',79,28000),(282,'크림파스타',17,38000),(283,'토마토파스타',13,4000),(284,'짜장면',20,24000),(285,'돈까스',15,38000),(286,'리조또',36,31000),(287,'스테이크',16,14000),(288,'크림파스타',40,14000),(289,'일본식카레',60,38000),(290,'스시',55,21000),(291,'삼겹살',53,12000),(292,'토마토파스타',44,36000),(293,'짬뽕밥',20,11000),(294,'양장피',39,13000),(295,'하와이안 피자',38,33000),(296,'하와이안 피자',93,24000),(297,'비빔밥',86,7000),(298,'토마토파스타',19,27000),(299,'치즈피자',91,27000),(300,'갈비',27,20000);
/*!40000 ALTER TABLE `res_menu` ENABLE KEYS */;
UNLOCK TABLES;

--
-- Table structure for table `res_rate`
--

DROP TABLE IF EXISTS `res_rate`;
/*!40101 SET @saved_cs_client     = @@character_set_client */;
/*!40101 SET character_set_client = utf8 */;
CREATE TABLE `res_rate` (
  `Res_ID` int(11) NOT NULL,
  `User_ID` varchar(10) NOT NULL,
  `Res_rating` int(11) NOT NULL,
  `Res_rating_date` date NOT NULL,
  PRIMARY KEY (`Res_ID`,`User_ID`),
  KEY `FK_User_TO_Res_rate_1` (`User_ID`),
  CONSTRAINT `FK_Restaurant_TO_Res_rate_1` FOREIGN KEY (`Res_ID`) REFERENCES `restaurant` (`Res_ID`),
  CONSTRAINT `FK_User_TO_Res_rate_1` FOREIGN KEY (`User_ID`) REFERENCES `user` (`User_ID`)
) ENGINE=InnoDB DEFAULT CHARSET=utf8mb4 COLLATE=utf8mb4_general_ci;
/*!40101 SET character_set_client = @saved_cs_client */;

--
-- Dumping data for table `res_rate`
--

LOCK TABLES `res_rate` WRITE;
/*!40000 ALTER TABLE `res_rate` DISABLE KEYS */;
INSERT INTO `res_rate` VALUES (1,'32',4,'2022-09-16'),(2,'20',5,'2022-04-23'),(2,'52',1,'2022-07-19'),(3,'1',5,'2022-06-17'),(3,'25',5,'2022-05-11'),(3,'30',1,'2022-01-30'),(3,'31',4,'2023-03-18'),(3,'55',1,'2023-02-28'),(3,'66',5,'2022-07-23'),(3,'77',3,'2023-03-08'),(4,'14',3,'2023-02-20'),(4,'24',2,'2023-01-01'),(4,'37',1,'2022-05-24'),(4,'38',1,'2023-04-22'),(4,'59',2,'2022-06-01'),(4,'93',2,'2022-02-09'),(5,'23',5,'2023-03-05'),(5,'33',1,'2022-12-26'),(5,'39',2,'2023-03-03'),(6,'48',3,'2022-05-13'),(8,'1',4,'2022-07-30'),(8,'33',1,'2023-10-21'),(8,'50',3,'2022-07-22'),(8,'65',3,'2023-10-26'),(8,'99',3,'2022-06-20'),(9,'17',1,'2023-06-18'),(9,'9',1,'2022-03-30'),(10,'42',2,'2022-04-01'),(10,'69',1,'2022-02-07'),(10,'70',4,'2022-10-04'),(10,'93',1,'2022-04-03'),(10,'94',2,'2022-02-25'),(11,'2',4,'2022-08-21'),(12,'25',4,'2022-08-18'),(12,'29',5,'2022-06-23'),(12,'55',3,'2023-08-08'),(12,'87',2,'2023-03-14'),(15,'3',3,'2022-11-23'),(15,'50',5,'2022-09-29'),(16,'13',1,'2023-08-31'),(16,'6',3,'2023-03-03'),(16,'9',3,'2023-08-12'),(16,'95',3,'2023-08-03'),(16,'97',4,'2023-10-07'),(17,'20',5,'2022-12-27'),(17,'50',5,'2023-05-12'),(17,'62',4,'2023-07-14'),(17,'88',1,'2023-07-15'),(17,'97',1,'2023-05-06'),(18,'48',3,'2022-05-10'),(18,'6',3,'2022-08-13'),(18,'65',3,'2022-01-08'),(18,'75',1,'2023-07-24'),(18,'80',2,'2023-03-06'),(18,'81',3,'2023-09-18'),(19,'63',5,'2022-12-17'),(19,'87',5,'2023-03-23'),(20,'10',1,'2022-09-03'),(21,'46',5,'2022-11-23'),(21,'71',1,'2022-12-03'),(22,'29',2,'2023-02-15'),(22,'44',1,'2022-07-16'),(22,'85',3,'2022-02-15'),(23,'39',2,'2022-03-30'),(23,'89',2,'2023-03-22'),(23,'91',4,'2022-07-07'),(24,'1',1,'2022-08-14'),(24,'25',2,'2023-05-03'),(25,'22',1,'2023-03-06'),(25,'41',1,'2022-05-12'),(25,'59',2,'2022-10-23'),(25,'88',1,'2022-07-18'),(26,'29',5,'2022-11-19'),(26,'58',2,'2023-07-16'),(26,'8',3,'2023-10-19'),(26,'98',3,'2023-04-02'),(27,'29',2,'2023-01-13'),(27,'75',5,'2022-02-28'),(27,'86',5,'2022-05-01'),(27,'92',4,'2023-03-17'),(27,'94',3,'2022-12-26'),(29,'28',2,'2023-03-30'),(29,'30',3,'2022-09-11'),(29,'93',4,'2022-03-24'),(30,'44',4,'2022-02-07'),(30,'83',1,'2023-10-18'),(31,'100',4,'2022-06-22'),(31,'41',2,'2023-04-11'),(31,'55',3,'2022-05-01'),(31,'78',5,'2022-02-18'),(31,'9',4,'2022-06-05'),(32,'48',1,'2022-03-04'),(32,'83',1,'2022-02-07'),(33,'43',4,'2022-07-15'),(33,'61',5,'2022-09-15'),(34,'57',2,'2022-01-15'),(34,'60',3,'2023-03-16'),(35,'30',2,'2022-10-09'),(35,'45',1,'2022-12-05'),(36,'47',1,'2023-01-25'),(36,'54',3,'2022-04-23'),(36,'64',5,'2023-02-25'),(36,'66',3,'2023-07-03'),(36,'76',1,'2022-01-31'),(36,'80',1,'2022-05-03'),(36,'99',2,'2023-04-11'),(37,'1',1,'2022-04-19'),(37,'48',5,'2022-10-26'),(37,'60',4,'2023-04-01'),(37,'74',1,'2022-11-28'),(37,'87',5,'2023-10-17'),(38,'43',2,'2023-07-23'),(39,'3',1,'2023-05-28'),(39,'62',1,'2022-10-21'),(39,'65',5,'2022-03-23'),(39,'68',2,'2023-09-18'),(40,'20',4,'2023-06-21'),(40,'26',3,'2023-07-29'),(40,'30',4,'2023-09-24'),(40,'33',1,'2023-03-22'),(40,'60',2,'2022-03-17'),(40,'69',4,'2023-08-01'),(41,'22',2,'2022-10-19'),(41,'31',1,'2022-12-15'),(41,'49',2,'2023-10-17'),(41,'77',3,'2022-02-05'),(42,'72',4,'2022-03-23'),(42,'86',5,'2022-10-29'),(43,'13',4,'2023-05-14'),(43,'29',3,'2022-10-12'),(43,'63',2,'2023-05-29'),(43,'74',3,'2022-09-11'),(44,'4',2,'2023-09-30'),(44,'43',3,'2023-10-24'),(44,'54',5,'2022-03-02'),(44,'62',1,'2023-09-27'),(45,'14',5,'2023-11-05'),(45,'52',5,'2023-04-01'),(46,'30',4,'2022-04-17'),(46,'69',1,'2023-08-14'),(47,'64',3,'2022-10-22'),(47,'65',2,'2022-05-30'),(48,'44',4,'2022-04-10'),(48,'87',4,'2022-01-26'),(48,'99',2,'2022-07-25'),(49,'72',2,'2023-11-03'),(49,'82',5,'2022-09-06'),(49,'90',3,'2023-03-25'),(49,'97',1,'2023-02-22'),(50,'39',4,'2022-02-23'),(50,'72',2,'2022-01-27'),(50,'83',2,'2023-05-17'),(51,'37',3,'2023-06-03'),(52,'70',2,'2022-04-12'),(52,'99',1,'2023-01-16'),(53,'28',4,'2023-03-03'),(53,'33',4,'2022-12-27'),(53,'53',1,'2023-06-02'),(53,'59',5,'2023-09-18'),(53,'79',1,'2023-04-16'),(53,'83',2,'2023-04-24'),(54,'2',5,'2022-08-01'),(54,'76',4,'2022-09-27'),(54,'87',3,'2022-03-22'),(55,'4',5,'2022-06-18'),(55,'54',5,'2023-07-29'),(55,'73',5,'2022-06-19'),(56,'61',1,'2023-10-23'),(56,'91',2,'2022-06-15'),(57,'2',4,'2022-03-24'),(57,'24',2,'2022-07-16'),(57,'25',1,'2022-07-10'),(59,'37',4,'2022-06-17'),(59,'51',1,'2022-01-12'),(59,'71',2,'2022-02-07'),(60,'16',5,'2023-11-02'),(60,'77',3,'2022-11-29'),(60,'79',1,'2023-04-28'),(61,'55',5,'2022-06-13'),(63,'21',4,'2022-10-10'),(63,'29',5,'2023-07-04'),(63,'37',1,'2023-07-31'),(63,'4',2,'2022-08-25'),(63,'58',4,'2022-12-16'),(63,'77',4,'2022-03-04'),(63,'85',5,'2022-04-25'),(64,'8',5,'2022-01-26'),(64,'80',2,'2022-11-20'),(64,'82',3,'2022-11-06'),(65,'12',2,'2022-04-15'),(65,'13',1,'2022-07-12'),(65,'48',1,'2022-12-31'),(65,'49',1,'2022-04-10'),(66,'21',3,'2023-03-15'),(66,'30',3,'2022-11-11'),(66,'64',5,'2022-01-18'),(66,'91',2,'2022-11-09'),(66,'96',5,'2022-04-02'),(67,'13',3,'2023-05-21'),(67,'50',2,'2023-10-03'),(68,'10',3,'2022-04-18'),(68,'5',5,'2022-05-28'),(68,'60',2,'2023-08-13'),(68,'92',5,'2022-04-01'),(69,'17',3,'2023-04-12'),(69,'36',5,'2023-07-03'),(69,'61',5,'2022-12-13'),(69,'94',4,'2023-09-20'),(70,'17',3,'2023-06-05'),(70,'22',2,'2023-08-09'),(70,'30',4,'2022-07-04'),(70,'31',5,'2022-10-09'),(70,'39',4,'2022-09-27'),(71,'56',2,'2022-12-14'),(71,'57',2,'2022-11-16'),(72,'36',4,'2023-03-18'),(72,'53',1,'2023-08-03'),(73,'6',2,'2022-08-21'),(73,'64',4,'2022-05-28'),(74,'5',2,'2023-07-21'),(74,'98',2,'2023-10-29'),(75,'25',3,'2022-12-28'),(75,'38',4,'2023-08-15'),(75,'73',1,'2022-09-18'),(75,'81',3,'2022-11-07'),(76,'42',2,'2022-10-07'),(76,'81',5,'2022-06-22'),(76,'99',3,'2022-10-04'),(77,'53',2,'2022-06-19'),(78,'66',4,'2023-08-12'),(79,'15',3,'2023-07-21'),(79,'3',5,'2022-08-18'),(79,'61',4,'2022-12-10'),(80,'54',3,'2022-02-14'),(80,'75',1,'2022-06-01'),(81,'22',1,'2022-05-26'),(81,'78',5,'2023-03-26'),(81,'85',4,'2023-05-26'),(82,'16',1,'2023-01-06'),(82,'34',5,'2022-03-08'),(82,'44',1,'2022-08-27'),(82,'80',2,'2022-06-03'),(83,'43',5,'2023-10-05'),(83,'65',4,'2022-02-26'),(83,'7',1,'2022-10-18'),(83,'78',1,'2022-11-16'),(83,'88',3,'2023-02-20'),(84,'47',1,'2022-07-28'),(84,'67',2,'2023-07-06'),(84,'93',1,'2022-05-22'),(85,'26',5,'2023-06-06'),(85,'59',2,'2023-03-16'),(86,'62',2,'2023-08-11'),(86,'85',1,'2022-10-26'),(86,'93',1,'2023-03-08'),(87,'35',1,'2023-01-13'),(87,'69',2,'2023-10-22'),(88,'3',4,'2022-02-28'),(88,'40',4,'2022-01-14'),(88,'55',3,'2023-11-02'),(89,'77',4,'2023-07-01'),(90,'25',4,'2023-10-30'),(90,'47',2,'2023-01-27'),(90,'58',2,'2023-03-21'),(90,'6',5,'2023-06-18'),(90,'93',4,'2022-07-17'),(91,'11',1,'2023-10-24'),(91,'32',3,'2022-08-06'),(91,'35',2,'2023-06-21'),(91,'66',3,'2022-12-26'),(91,'90',5,'2023-07-07'),(92,'39',5,'2023-01-22'),(94,'43',5,'2022-07-26'),(95,'10',1,'2023-01-28'),(95,'22',4,'2023-07-16'),(95,'35',2,'2022-08-03'),(95,'57',4,'2022-01-02'),(95,'77',4,'2022-03-08'),(95,'94',2,'2022-07-30'),(95,'98',4,'2023-02-07'),(96,'74',3,'2023-04-26'),(96,'78',3,'2023-08-28'),(97,'43',1,'2022-02-14'),(97,'45',5,'2022-06-29'),(97,'68',4,'2022-10-20'),(97,'79',4,'2023-05-14'),(98,'34',1,'2022-08-18'),(99,'14',3,'2022-06-25'),(99,'19',2,'2023-06-01'),(99,'47',3,'2022-12-24'),(99,'62',5,'2022-07-06'),(100,'34',2,'2022-10-31'),(100,'46',5,'2022-05-12'),(100,'69',3,'2022-02-27');
/*!40000 ALTER TABLE `res_rate` ENABLE KEYS */;
UNLOCK TABLES;

--
-- Table structure for table `res_review`
--

DROP TABLE IF EXISTS `res_review`;
/*!40101 SET @saved_cs_client     = @@character_set_client */;
/*!40101 SET character_set_client = utf8 */;
CREATE TABLE `res_review` (
  `Res_review_ID` int(11) NOT NULL,
  `User_ID` varchar(10) NOT NULL,
  `Res_ID` int(11) NOT NULL,
  PRIMARY KEY (`Res_review_ID`)
) ENGINE=InnoDB DEFAULT CHARSET=utf8mb4 COLLATE=utf8mb4_general_ci;
/*!40101 SET character_set_client = @saved_cs_client */;

--
-- Dumping data for table `res_review`
--

LOCK TABLES `res_review` WRITE;
/*!40000 ALTER TABLE `res_review` DISABLE KEYS */;
INSERT INTO `res_review` VALUES (1,'32',1),(2,'20',2),(3,'52',2),(4,'1',3),(5,'25',3),(6,'30',3),(7,'31',3),(8,'55',3),(9,'66',3),(10,'77',3),(11,'14',4),(12,'24',4),(13,'37',4),(14,'38',4),(15,'59',4),(16,'93',4),(17,'23',5),(18,'33',5),(19,'39',5),(20,'48',6),(21,'1',8),(22,'33',8),(23,'50',8),(24,'65',8),(25,'99',8),(26,'17',9),(27,'9',9),(28,'42',10),(29,'69',10),(30,'70',10),(31,'93',10),(32,'94',10),(33,'2',11),(34,'25',12),(35,'29',12),(36,'55',12),(37,'87',12),(38,'3',15),(39,'50',15),(40,'13',16),(41,'6',16),(42,'9',16),(43,'95',16),(44,'97',16),(45,'20',17),(46,'50',17),(47,'62',17),(48,'88',17),(49,'97',17),(50,'48',18),(51,'6',18),(52,'65',18),(53,'75',18),(54,'80',18),(55,'81',18),(56,'63',19),(57,'87',19),(58,'10',20),(59,'46',21),(60,'71',21),(61,'29',22),(62,'44',22),(63,'85',22),(64,'39',23),(65,'89',23),(66,'91',23),(67,'1',24),(68,'25',24),(69,'22',25),(70,'41',25),(71,'59',25),(72,'88',25),(73,'29',26),(74,'58',26),(75,'8',26),(76,'98',26),(77,'29',27),(78,'75',27),(79,'86',27),(80,'92',27),(81,'94',27),(82,'28',29),(83,'30',29),(84,'93',29),(85,'44',30),(86,'83',30),(87,'100',31),(88,'41',31),(89,'55',31),(90,'78',31),(91,'9',31),(92,'48',32),(93,'83',32),(94,'43',33),(95,'61',33),(96,'57',34),(97,'60',34),(98,'30',35),(99,'45',35),(100,'47',36),(101,'54',36),(102,'64',36),(103,'66',36),(104,'76',36),(105,'80',36),(106,'99',36),(107,'1',37),(108,'48',37),(109,'60',37),(110,'74',37),(111,'87',37),(112,'43',38),(113,'3',39),(114,'62',39),(115,'65',39),(116,'68',39),(117,'20',40),(118,'26',40),(119,'30',40),(120,'33',40),(121,'60',40),(122,'69',40),(123,'22',41),(124,'31',41),(125,'49',41),(126,'77',41),(127,'72',42),(128,'86',42),(129,'13',43),(130,'29',43),(131,'63',43),(132,'74',43),(133,'4',44),(134,'43',44),(135,'54',44),(136,'62',44),(137,'14',45),(138,'52',45),(139,'30',46),(140,'69',46),(141,'64',47),(142,'65',47),(143,'44',48),(144,'87',48),(145,'99',48),(146,'72',49),(147,'82',49),(148,'90',49),(149,'97',49),(150,'39',50),(151,'72',50),(152,'83',50),(153,'37',51),(154,'70',52),(155,'99',52),(156,'28',53),(157,'33',53),(158,'53',53),(159,'59',53),(160,'79',53),(161,'83',53),(162,'2',54),(163,'76',54),(164,'87',54),(165,'4',55),(166,'54',55),(167,'73',55),(168,'61',56),(169,'91',56),(170,'2',57),(171,'24',57),(172,'25',57),(173,'37',59),(174,'51',59),(175,'71',59),(176,'16',60),(177,'77',60),(178,'79',60),(179,'55',61),(180,'21',63),(181,'29',63),(182,'37',63),(183,'4',63),(184,'58',63),(185,'77',63),(186,'85',63),(187,'8',64),(188,'80',64),(189,'82',64),(190,'12',65),(191,'13',65),(192,'48',65),(193,'49',65),(194,'21',66),(195,'30',66),(196,'64',66),(197,'91',66),(198,'96',66),(199,'13',67),(200,'50',67),(201,'10',68),(202,'5',68),(203,'60',68),(204,'92',68),(205,'17',69),(206,'36',69),(207,'61',69),(208,'94',69),(209,'17',70),(210,'22',70),(211,'30',70),(212,'31',70),(213,'39',70),(214,'56',71),(215,'57',71),(216,'36',72),(217,'53',72),(218,'6',73),(219,'64',73),(220,'5',74),(221,'98',74),(222,'25',75),(223,'38',75),(224,'73',75),(225,'81',75),(226,'42',76),(227,'81',76),(228,'99',76),(229,'53',77),(230,'66',78),(231,'15',79),(232,'3',79),(233,'61',79),(234,'54',80),(235,'75',80),(236,'22',81),(237,'78',81),(238,'85',81),(239,'16',82),(240,'34',82),(241,'44',82),(242,'80',82),(243,'43',83),(244,'65',83),(245,'7',83),(246,'78',83),(247,'88',83),(248,'47',84),(249,'67',84),(250,'93',84),(251,'26',85),(252,'59',85),(253,'62',86),(254,'85',86),(255,'93',86),(256,'35',87),(257,'69',87),(258,'3',88),(259,'40',88),(260,'55',88),(261,'77',89),(262,'25',90),(263,'47',90),(264,'58',90),(265,'6',90),(266,'93',90),(267,'11',91),(268,'32',91),(269,'35',91),(270,'66',91),(271,'90',91),(272,'39',92),(273,'43',94),(274,'10',95),(275,'22',95),(276,'35',95),(277,'57',95),(278,'77',95),(279,'94',95),(280,'98',95),(281,'74',96),(282,'78',96),(283,'43',97),(284,'45',97),(285,'68',97),(286,'79',97),(287,'34',98),(288,'14',99),(289,'19',99),(290,'47',99),(291,'62',99),(292,'34',100),(293,'46',100),(294,'69',100);
/*!40000 ALTER TABLE `res_review` ENABLE KEYS */;
UNLOCK TABLES;

--
-- Table structure for table `res_review_content`
--

DROP TABLE IF EXISTS `res_review_content`;
/*!40101 SET @saved_cs_client     = @@character_set_client */;
/*!40101 SET character_set_client = utf8 */;
CREATE TABLE `res_review_content` (
  `Res_review_ID` int(11) NOT NULL,
  `Res_review_item_ID` int(11) NOT NULL,
  PRIMARY KEY (`Res_review_ID`,`Res_review_item_ID`),
  KEY `FK_Res_review_item_TO_Res_review_content_1` (`Res_review_item_ID`),
  CONSTRAINT `FK_Res_review_TO_Res_review_content_1` FOREIGN KEY (`Res_review_ID`) REFERENCES `res_review` (`Res_review_ID`),
  CONSTRAINT `FK_Res_review_item_TO_Res_review_content_1` FOREIGN KEY (`Res_review_item_ID`) REFERENCES `res_review_item` (`Res_review_item_ID`)
) ENGINE=InnoDB DEFAULT CHARSET=utf8mb4 COLLATE=utf8mb4_general_ci;
/*!40101 SET character_set_client = @saved_cs_client */;

--
-- Dumping data for table `res_review_content`
--

LOCK TABLES `res_review_content` WRITE;
/*!40000 ALTER TABLE `res_review_content` DISABLE KEYS */;
INSERT INTO `res_review_content` VALUES (1,5),(2,4),(3,1),(4,4),(5,5),(6,1),(7,5),(8,1),(9,2),(10,2),(11,4),(12,3),(13,1),(14,1),(15,3),(16,3),(17,5),(18,1),(19,4),(20,3),(21,5),(22,1),(23,3),(24,3),(25,4),(26,1),(27,1),(28,3),(29,1),(30,3),(31,1),(32,4),(33,2),(34,5),(35,4),(36,2),(37,3),(38,5),(39,4),(40,1),(41,2),(42,4),(43,2),(44,4),(45,5),(46,3),(47,5),(48,1),(49,1),(50,5),(51,5),(52,4),(53,1),(54,5),(55,3),(56,5),(57,3),(58,1),(59,5),(60,1),(61,3),(62,1),(63,5),(64,2),(65,2),(66,4),(67,1),(68,4),(69,1),(70,1),(71,4),(72,1),(73,5),(74,6),(75,4),(76,3),(77,3),(78,5),(79,5),(80,2),(81,3),(82,4),(83,5),(84,2),(85,4),(86,1),(87,3),(88,4),(89,2),(90,4),(91,2),(92,1),(93,1),(94,4),(95,2),(96,4),(97,2),(98,3),(99,1),(100,1),(101,4),(102,5),(103,4),(104,1),(105,1),(106,5),(107,1),(108,4),(109,3),(110,1),(111,2),(112,3),(113,1),(114,1),(115,5),(116,5),(117,2),(118,3),(119,5),(120,1),(121,3),(122,4),(123,2),(124,1),(125,2),(126,4),(127,5),(128,5),(129,4),(130,2),(131,3),(132,5),(133,4),(134,2),(135,3),(136,1),(137,5),(138,3),(139,4),(140,1),(141,2),(142,2),(143,2),(144,4),(145,5),(146,3),(147,4),(148,2),(149,1),(150,5),(151,2),(152,5),(153,5),(154,2),(155,1),(156,4),(157,3),(158,1),(159,2),(160,1),(161,2),(162,4),(163,2),(164,5),(165,3),(166,5),(167,4),(168,1),(169,4),(170,6),(171,5),(172,1),(173,2),(174,1),(175,2),(176,2),(177,4),(178,1),(179,4),(180,2),(181,5),(182,1),(183,3),(184,2),(185,5),(186,2),(187,5),(188,3),(189,4),(190,5),(191,1),(192,1),(193,1),(194,5),(195,4),(196,2),(197,4),(198,3),(199,4),(200,2),(201,2),(202,2),(203,3),(204,3),(205,6),(206,6),(207,3),(208,3),(209,3),(210,3),(211,5),(212,3),(213,3),(214,6),(215,6),(216,6),(217,1),(218,3),(219,4),(220,5),(221,3),(222,5),(223,4),(224,1),(225,2),(226,5),(227,5),(228,4),(229,4),(230,2),(231,2),(232,3),(233,4),(234,5),(235,1),(236,1),(237,3),(238,4),(239,1),(240,4),(241,1),(242,4),(243,5),(244,3),(245,1),(246,1),(247,2),(248,1),(249,3),(250,1),(251,3),(252,4),(253,3),(254,1),(255,1),(256,1),(257,2),(258,3),(259,6),(260,4),(261,4),(262,2),(263,3),(264,4),(265,3),(266,2),(267,1),(268,4),(269,5),(270,5),(271,5),(272,4),(273,3),(274,1),(275,5),(276,2),(277,3),(278,5),(279,5),(280,2),(281,4),(282,5),(283,1),(284,2),(285,3),(286,2),(287,1),(288,2),(289,5),(290,4),(291,3),(292,4),(293,2),(294,3);
/*!40000 ALTER TABLE `res_review_content` ENABLE KEYS */;
UNLOCK TABLES;

--
-- Table structure for table `res_review_item`
--

DROP TABLE IF EXISTS `res_review_item`;
/*!40101 SET @saved_cs_client     = @@character_set_client */;
/*!40101 SET character_set_client = utf8 */;
CREATE TABLE `res_review_item` (
  `Res_review_item_ID` int(11) NOT NULL,
  `Res_review_template` varchar(10) NOT NULL COMMENT 'ex)별로에요',
  PRIMARY KEY (`Res_review_item_ID`)
) ENGINE=InnoDB DEFAULT CHARSET=utf8mb4 COLLATE=utf8mb4_general_ci;
/*!40101 SET character_set_client = @saved_cs_client */;

--
-- Dumping data for table `res_review_item`
--

LOCK TABLES `res_review_item` WRITE;
/*!40000 ALTER TABLE `res_review_item` DISABLE KEYS */;
INSERT INTO `res_review_item` VALUES (1,'별로예요'),(2,'혼밥하기 좋아요'),(3,'가성비가 좋아요'),(4,'맛있어요'),(5,'깔끔해요'),(6,'카공하기 좋아요');
/*!40000 ALTER TABLE `res_review_item` ENABLE KEYS */;
UNLOCK TABLES;

--
-- Table structure for table `restaurant`
--

DROP TABLE IF EXISTS `restaurant`;
/*!40101 SET @saved_cs_client     = @@character_set_client */;
/*!40101 SET character_set_client = utf8 */;
CREATE TABLE `restaurant` (
  `Res_ID` int(11) NOT NULL,
  `Res_name` varchar(10) NOT NULL,
  `Res_address` varchar(20) NOT NULL,
  `Res_img_url` tinytext DEFAULT NULL,
  `Category_ID` int(11) NOT NULL,
  PRIMARY KEY (`Res_ID`)
) ENGINE=InnoDB DEFAULT CHARSET=utf8mb4 COLLATE=utf8mb4_general_ci;
/*!40101 SET character_set_client = @saved_cs_client */;

--
-- Dumping data for table `restaurant`
--

LOCK TABLES `restaurant` WRITE;
/*!40000 ALTER TABLE `restaurant` DISABLE KEYS */;
INSERT INTO `restaurant` VALUES (1,'유한회사 윤 중식당','서울특별시 서대문구 망원동','https://dummyimage.com/1008x938',2),(2,'김최 일식당','서울특별시 서대문구 신수동','https://dummyimage.com/537x263',5),(3,'주식회사 이강허 분','서울특별시 마포구 아현동','https://dummyimage.com/165x576',1),(4,'(주) 김김최 피자','서울특별시 마포구 서강동','https://placekitten.com/282/196',6),(5,'(주) 김송김 한식','서울특별시 마포구 신수동','https://placekitten.com/670/674',4),(6,'주식회사 이 한식당','서울특별시 마포구 신수동','https://picsum.photos/772/800',4),(7,'유한회사 송 양식당','서울특별시 마포구 서교동','https://picsum.photos/114/180',3),(8,'(유) 오 피자','서울특별시 서대문구 충현동','https://dummyimage.com/503x161',6),(9,'백이 중식당','서울특별시 서대문구 성산동','https://picsum.photos/357/407',2),(10,'주식회사 박송이 양','서울특별시 마포구 상암동','https://picsum.photos/795/24',3),(11,'주식회사 김 양식당','서울특별시 서대문구 서교동','https://dummyimage.com/247x491',3),(12,'서박고 분식','서울특별시 서대문구 용강동','https://dummyimage.com/329x536',1),(13,'박윤 양식당','서울특별시 서대문구 성산동','https://dummyimage.com/358x846',3),(14,'윤나최 피자','서울특별시 마포구 용강동','https://dummyimage.com/44x661',6),(15,'최우안 분식','서울특별시 마포구 상암동','https://placekitten.com/771/19',1),(16,'(유) 김 양식당','서울특별시 마포구 공덕동','https://picsum.photos/820/200',3),(17,'박윤김 양식당','서울특별시 마포구 망원동','https://picsum.photos/167/109',3),(18,'서손 분식','서울특별시 서대문구 대흥동','https://dummyimage.com/197x4',1),(19,'안이 양식당','서울특별시 마포구 망원동','https://dummyimage.com/493x936',3),(20,'(주) 윤 중식당','서울특별시 마포구 연남동','https://dummyimage.com/473x572',2),(21,'(주) 김 일식당','서울특별시 서대문구 공덕동','https://picsum.photos/627/226',5),(22,'(유) 황 분식','서울특별시 마포구 도화동','https://picsum.photos/645/686',1),(23,'김이윤 한식당','서울특별시 서대문구 공덕동','https://dummyimage.com/756x524',4),(24,'김김 피자','서울특별시 서대문구 북아현동','https://picsum.photos/330/457',6),(25,'박김박 중식당','서울특별시 서대문구 충현동','https://placekitten.com/42/782',2),(26,'주식회사 문이강 카','서울특별시 마포구 성산동','https://picsum.photos/893/554',7),(27,'(주) 류이민 한식','서울특별시 마포구 도화동','https://placekitten.com/316/832',4),(28,'유한회사 김박김 일','서울특별시 마포구 신수동','https://placekitten.com/361/461',5),(29,'유한회사 김 중식당','서울특별시 서대문구 공덕동','https://dummyimage.com/627x847',2),(30,'한박장 피자','서울특별시 서대문구 연남동','https://placekitten.com/614/251',6),(31,'이서 중식당','서울특별시 서대문구 서강동','https://picsum.photos/656/669',2),(32,'김류 일식당','서울특별시 마포구 연남동','https://picsum.photos/417/439',5),(33,'서장진 분식','서울특별시 서대문구 신수동','https://picsum.photos/414/171',1),(34,'오이 양식당','서울특별시 서대문구 합정동','https://picsum.photos/976/765',3),(35,'주식회사 김오최 양','서울특별시 서대문구 상암동','https://picsum.photos/211/206',3),(36,'최김송 양식당','서울특별시 서대문구 상암동','https://picsum.photos/391/520',3),(37,'(유) 송 피자','서울특별시 마포구 서교동','https://picsum.photos/294/405',6),(38,'유한회사 박 피자','서울특별시 서대문구 공덕동','https://placekitten.com/681/240',6),(39,'주식회사 한 중식당','서울특별시 서대문구 서교동','https://dummyimage.com/275x959',2),(40,'(유) 김 양식당','서울특별시 서대문구 도화동','https://dummyimage.com/535x1007',3),(41,'하김박 분식','서울특별시 마포구 성산동','https://placekitten.com/490/608',1),(42,'(유) 양 양식당','서울특별시 서대문구 서교동','https://picsum.photos/42/41',3),(43,'권최문 양식당','서울특별시 서대문구 서교동','https://picsum.photos/899/55',3),(44,'(유) 오백박 양식','서울특별시 마포구 망원동','https://placekitten.com/994/783',3),(45,'주식회사 오성최 카','서울특별시 서대문구 도화동','https://placekitten.com/608/328',7),(46,'안박 한식당','서울특별시 서대문구 염리동','https://dummyimage.com/994x928',4),(47,'주식회사 문김고 일','서울특별시 서대문구 신촌동','https://dummyimage.com/771x957',5),(48,'김허 일식당','서울특별시 서대문구 용강동','https://picsum.photos/315/548',5),(49,'김김우 일식당','서울특별시 서대문구 성산동','https://picsum.photos/302/623',5),(50,'(주) 김 피자','서울특별시 마포구 상암동','https://placekitten.com/606/645',6),(51,'우고 분식','서울특별시 서대문구 용강동','https://dummyimage.com/812x754',1),(52,'주식회사 김 일식당','서울특별시 서대문구 아현동','https://placekitten.com/363/616',5),(53,'유한회사 류 한식당','서울특별시 서대문구 염리동','https://dummyimage.com/280x381',4),(54,'유한회사 최 피자','서울특별시 마포구 서강동','https://placekitten.com/770/897',6),(55,'(주) 민 일식당','서울특별시 마포구 아현동','https://dummyimage.com/164x505',5),(56,'주식회사 최 중식당','서울특별시 마포구 충현동','https://placekitten.com/107/247',2),(57,'강이 카페','서울특별시 서대문구 연남동','https://dummyimage.com/116x1',7),(58,'이박박 일식당','서울특별시 서대문구 북아현동','https://placekitten.com/963/715',5),(59,'이김 중식당','서울특별시 서대문구 서강동','https://placekitten.com/521/512',2),(60,'문최박 일식당','서울특별시 마포구 공덕동','https://dummyimage.com/795x300',5),(61,'(유) 이이이 피자','서울특별시 서대문구 망원동','https://dummyimage.com/489x464',6),(62,'(주) 김 중식당','서울특별시 마포구 염리동','https://picsum.photos/585/479',2),(63,'유한회사 이 한식당','서울특별시 서대문구 염리동','https://placekitten.com/887/736',4),(64,'(유) 최 카페','서울특별시 서대문구 용강동','https://picsum.photos/621/634',7),(65,'박김 양식당','서울특별시 서대문구 공덕동','https://dummyimage.com/645x276',3),(66,'주식회사 이손박 피','서울특별시 서대문구 신촌동','https://placekitten.com/298/96',6),(67,'김구 양식당','서울특별시 마포구 신촌동','https://dummyimage.com/145x994',3),(68,'(주) 조이김 일식','서울특별시 마포구 공덕동','https://dummyimage.com/992x713',5),(69,'윤김 카페','서울특별시 마포구 합정동','https://placekitten.com/258/633',7),(70,'(주) 김 한식당','서울특별시 서대문구 아현동','https://placekitten.com/961/896',4),(71,'노문 카페','서울특별시 마포구 염리동','https://dummyimage.com/44x620',7),(72,'(유) 이박박 카페','서울특별시 마포구 서강동','https://dummyimage.com/111x665',7),(73,'유한회사 박 피자','서울특별시 서대문구 염리동','https://picsum.photos/371/820',6),(74,'주식회사 진 피자','서울특별시 마포구 상암동','https://dummyimage.com/335x352',6),(75,'유한회사 김 양식당','서울특별시 서대문구 용강동','https://picsum.photos/414/930',3),(76,'(유) 김노김 피자','서울특별시 서대문구 망원동','https://picsum.photos/73/945',6),(77,'이전 피자','서울특별시 마포구 아현동','https://dummyimage.com/364x773',6),(78,'(주) 박 중식당','서울특별시 서대문구 염리동','https://dummyimage.com/685x12',2),(79,'이이 피자','서울특별시 마포구 성산동','https://dummyimage.com/559x399',6),(80,'김박진 일식당','서울특별시 서대문구 도화동','https://placekitten.com/307/773',5),(81,'김김 중식당','서울특별시 서대문구 연남동','https://picsum.photos/569/657',2),(82,'박최장 중식당','서울특별시 서대문구 망원동','https://picsum.photos/368/177',2),(83,'(유) 황 피자','서울특별시 서대문구 염리동','https://placekitten.com/885/372',6),(84,'(유) 김김류 일식','서울특별시 마포구 북아현동','https://dummyimage.com/161x261',5),(85,'유한회사 이강장 중','서울특별시 마포구 상암동','https://placekitten.com/788/521',2),(86,'(주) 김 한식당','서울특별시 서대문구 서교동','https://placekitten.com/214/104',4),(87,'남박 분식','서울특별시 서대문구 신촌동','https://placekitten.com/378/188',1),(88,'(주) 백 카페','서울특별시 마포구 도화동','https://placekitten.com/997/423',7),(89,'박이 일식당','서울특별시 마포구 대흥동','https://dummyimage.com/49x974',5),(90,'이김이 양식당','서울특별시 마포구 도화동','https://dummyimage.com/792x277',3),(91,'(유) 지 피자','서울특별시 서대문구 북아현동','https://picsum.photos/426/781',6),(92,'유한회사 이 일식당','서울특별시 마포구 아현동','https://picsum.photos/700/764',5),(93,'(유) 양최김 피자','서울특별시 서대문구 성산동','https://placekitten.com/582/772',6),(94,'우고이 일식당','서울특별시 마포구 염리동','https://placekitten.com/465/257',5),(95,'유한회사 한손심 일','서울특별시 서대문구 아현동','https://placekitten.com/554/429',5),(96,'유한회사 이황이 카','서울특별시 서대문구 서교동','https://placekitten.com/792/763',7),(97,'주식회사 이 중식당','서울특별시 서대문구 성산동','https://picsum.photos/265/810',2),(98,'(유) 안김노 카페','서울특별시 서대문구 서강동','https://dummyimage.com/549x412',7),(99,'(유) 서고최 양식','서울특별시 마포구 염리동','https://picsum.photos/921/297',3),(100,'이한김 분식','서울특별시 마포구 공덕동','https://dummyimage.com/519x558',1);
/*!40000 ALTER TABLE `restaurant` ENABLE KEYS */;
UNLOCK TABLES;

--
-- Table structure for table `user`
--

DROP TABLE IF EXISTS `user`;
/*!40101 SET @saved_cs_client     = @@character_set_client */;
/*!40101 SET character_set_client = utf8 */;
CREATE TABLE `user` (
  `User_ID` varchar(10) NOT NULL,
  `User_name` varchar(5) NOT NULL,
  `User_password` varchar(16) NOT NULL,
  `User_num` varchar(20) NOT NULL,
  `User_bio` varchar(20) DEFAULT NULL,
  PRIMARY KEY (`User_ID`)
) ENGINE=InnoDB DEFAULT CHARSET=utf8mb4 COLLATE=utf8mb4_general_ci;
/*!40101 SET character_set_client = @saved_cs_client */;

--
-- Dumping data for table `user`
--

LOCK TABLES `user` WRITE;
/*!40000 ALTER TABLE `user` DISABLE KEYS */;
INSERT INTO `user` VALUES ('1','성민','SGU(z7*)w@7KJpY5','01079393568','나는 칼칼한 빵을 좋아합니다.'),('10','영희','Uej9Bl&&_3OQBtoC','01035661807','나는 매운 밥을 좋아합니다.'),('100','채원','9qMTkyHKvl%bP55y','01085528423','나는 칼칼한 면을 선호합니다.'),('11','지후','4ODv*BP&%wM@VLZB','01091179672','나는 칼칼한 밥을 좋아합니다.'),('12','아름','kOQ9)OtdX(duJDx5','01076433596','나는 달달한 빵을 선호합니다.'),('13','정숙','#9xED1nj7zY!qimA','01064989898','나는 달달한 빵을 좋아합니다.'),('14','은영','TL26SJ@hR_UhL7b+','01099894594','나는 칼칼한 면을 좋아합니다.'),('15','현숙','VhVfq%qi@0Lp6EkJ','01041827912','나는 매운 면을 좋아합니다.'),('16','경숙','_NVH@6HzN!y$I2Dt','01092730593','나는 칼칼한 면을 선호합니다.'),('17','정훈',')o5XlQokMo5aB^VZ','01046591649','나는 칼칼한 빵을 선호합니다.'),('18','미정','5yE6IMkaO(yjRa0X','01013245144','나는 매운 밥을 좋아합니다.'),('19','혜진','1zGVhOFm$&UVQt0N','01084750117','나는 매운 빵을 좋아합니다.'),('2','영길','O7WpPKsB%wHvnJvP','01033243829','나는 매운 밥을 좋아합니다.'),('20','광수','^1)oX(HN64EKE!cD','01092499621','나는 달달한 면을 선호합니다.'),('21','지후','C00LE((LH$DLMmA7','01081655651','나는 매운 면을 좋아합니다.'),('22','지현','$mH&tLUAn4LiY%N1','01026811066','나는 매운 면을 좋아합니다.'),('23','수진','%42@StGqiTKQAIzW','01031634302','나는 칼칼한 빵을 사랑합니다.'),('24','경수',')FM78dL*xPDz#3zU','01093300898','나는 달달한 밥을 선호합니다.'),('25','민지','ZS%5ZCSz6H6F$TQN','01062959361','나는 달달한 음식을 선호합니다.'),('26','유진','h$aNy^Z!1dj2Wmn3','01066824568','나는 달달한 빵을 선호합니다.'),('27','현준','WkrIC0HgB)Nih3tz','0107038834','나는 달달한 음식을 사랑합니다.'),('28','민수','OE$*o(K%MD)c%8pd','01049864760','나는 칼칼한 빵을 좋아합니다.'),('29','옥순','rV@hnjBpyo0T%66M','01040314746','나는 달달한 면을 선호합니다.'),('3','민지','$2P$zChPG2l#FKMn','01083352375','나는 칼칼한 빵을 선호합니다.'),('30','수진','L)&wYQ5w!iWeM4MP','01066467898','나는 달달한 밥을 선호합니다.'),('31','경자','&mm1^S%_LT*k&ItV','01051497933','나는 칼칼한 빵을 사랑합니다.'),('32','영숙',')9jh2GUmR#J+0HCG','01099554214','나는 매운 빵을 사랑합니다.'),('33','지혜','Uo02#jD8mK#8JMtX','01023484633','나는 칼칼한 빵을 선호합니다.'),('34','채원','q)74Tq8fs@sFNC8o','0102471875','나는 매운 음식을 좋아합니다.'),('35','경희','#R(Wb!8+Cw5J0X+m','0105259889','나는 매운 밥을 사랑합니다.'),('36','정훈','gYOZM4Aa!U@6A&iC','01010960609','나는 칼칼한 음식을 사랑합니다.'),('37','윤서','FGN5KIHx*3Pntbgi','01050307367','나는 칼칼한 음식을 좋아합니다.'),('38','영순','6my74VdgP^08fJb4','01041783829','나는 칼칼한 면을 좋아합니다.'),('39','은영','^WI$NAg%cSW8k*D2','01053698182','나는 매운 면을 좋아합니다.'),('4','정웅','1ETYObnA@YAO$FVH','01089506214','나는 달달한 빵을 사랑합니다.'),('40','병철','9zU3VwJvUp_3WsRM','01030201668','나는 칼칼한 음식을 사랑합니다.'),('41','선영','n1Mn9viF(2&OZZ*c','01062712248','나는 칼칼한 빵을 좋아합니다.'),('42','미숙','vI1*34*lCLF#(bXF','01083974693','나는 칼칼한 면을 사랑합니다.'),('43','은영','&LYOdN^x#B00SkPt','01056177635','나는 달달한 면을 좋아합니다.'),('44','정순','_D2oPUaY2boQrPdJ','01021136365','나는 달달한 빵을 좋아합니다.'),('45','미정','%tVVjUlQLM5rBMQ*','01070299352','나는 매운 밥을 선호합니다.'),('46','지혜','(#_18PpeyM8E##yb','01035403956','나는 매운 음식을 선호합니다.'),('47','현지','$*VM%pDd71mEPlh_','01066568468','나는 칼칼한 음식을 사랑합니다.'),('48','지민','qbM%_WLAy4jTmInj','01086106869','나는 칼칼한 밥을 좋아합니다.'),('49','지원','u3@8IQrU%)$te(Ri','01097302516','나는 칼칼한 음식을 사랑합니다.'),('5','예원','J$qiS7Ynb$$Y!EEn','0108058528','나는 칼칼한 면을 사랑합니다.'),('50','도현','yXDiydYq2X*37zcX','01073653924','나는 칼칼한 밥을 좋아합니다.'),('51','지혜','iQ)PM*p7_v2DQ(u1','01077466724','나는 달달한 빵을 좋아합니다.'),('52','상현','Zg5!+jx__keVC5T*','01052774180','나는 달달한 음식을 좋아합니다.'),('53','도현','!do)BRdXkk!a1Xwb','01051543522','나는 달달한 밥을 사랑합니다.'),('54','주원','eA*I7fs+U*u%gAqI','01031141980','나는 칼칼한 음식을 사랑합니다.'),('55','미경','fJb8NQSqT(JfmzT+','01066551271','나는 달달한 면을 사랑합니다.'),('56','순옥','TXs8spKZqGsJ%ss4','01018070038','나는 매운 면을 선호합니다.'),('57','진호',')%0Z7*V@ac(COs!i','01010444172','나는 칼칼한 음식을 사랑합니다.'),('58','준서','ge6+ljYvD%Z*jwBf','0105303172','나는 달달한 밥을 좋아합니다.'),('59','민서','8qPV5)8cYiPadIuI','01050517335','나는 달달한 밥을 좋아합니다.'),('6','중수','3L9!VxqHN$f6(fol','01096682921','나는 칼칼한 음식을 사랑합니다.'),('60','윤서','k)@FYQAlg_Qs2Wr+','01058709689','나는 칼칼한 밥을 선호합니다.'),('61','지훈','4(MzrFCw$F$c98_)','01088919801','나는 칼칼한 면을 사랑합니다.'),('62','영환','#4_CiGyttcfo4CYt','01089350860','나는 칼칼한 밥을 사랑합니다.'),('63','하윤','%)5UnI@(IEXiZC3Y','01037400925','나는 매운 음식을 좋아합니다.'),('64','경자','s+z^JmR1)d7aIXDr','01079284801','나는 칼칼한 빵을 선호합니다.'),('65','옥순','8l0^4Q8f&Wjw4GvC','01047365249','나는 달달한 밥을 사랑합니다.'),('66','준혁','+t(1BOvXrmRRGWB^','01079545068','나는 칼칼한 면을 좋아합니다.'),('67','영식','Zje)aeoBN82SvsOz','01086111837','나는 칼칼한 음식을 좋아합니다.'),('68','은경','!njrt1p)E0%n6NWj','01034120706','나는 달달한 빵을 사랑합니다.'),('69','병철','4N5$iVdi@hGhTA!o','01053582012','나는 매운 음식을 좋아합니다.'),('7','도윤','Q!&OjF_jP&84OR4R','01046517690','나는 달달한 음식을 좋아합니다.'),('70','경희','1I%F0GP%@Y4JuZ6i','01039932477','나는 매운 음식을 선호합니다.'),('71','승현','bIQ^*#z&_)52hMSs','01093518947','나는 칼칼한 음식을 좋아합니다.'),('72','혜진',')hIjMKqvzr5Xv4B*','01064464813','나는 달달한 빵을 좋아합니다.'),('73','병철',')6FyRimvhb*Nj9cm','01091156848','나는 달달한 빵을 선호합니다.'),('74','주원','4#$9G1x!#5foicEp','01048333622','나는 매운 빵을 선호합니다.'),('75','영길','v3eIqATb_lez1K!W','0104671214','나는 달달한 면을 사랑합니다.'),('76','준서','Y%q3jEzeBGe_nib#','01039740661','나는 매운 빵을 사랑합니다.'),('77','유진','*8(0H!+W$IJyh8Lt','01021518047','나는 달달한 음식을 좋아합니다.'),('78','선영','kQ+0BG(Lv@!)3m7A','01025170263','나는 달달한 빵을 사랑합니다.'),('79','현숙','p*W10tAmB0CZgJ4@','01097300060','나는 달달한 빵을 사랑합니다.'),('8','채원','6gV(t!bA(gXoxH$*','01039778595','나는 매운 면을 좋아합니다.'),('80','영수','w8V#gPpY%^6$Q7MX','01063084116','나는 매운 면을 선호합니다.'),('81','경자','biS((NF3DrR3!%mh','010857155','나는 칼칼한 음식을 사랑합니다.'),('82','성민','c!4x6Lhq_zfwvEP9','01075461421','나는 칼칼한 면을 좋아합니다.'),('83','정훈','_w601V2y)cU$_LBv','01027305907','나는 칼칼한 빵을 선호합니다.'),('84','예진','h(Hb7v6tvQ$WIM@K','01034090839','나는 칼칼한 밥을 사랑합니다.'),('85','준서','%33tR7Svq66315Du','01012527396','나는 칼칼한 음식을 사랑합니다.'),('86','현숙','!m_4OdZNh6#)OFKp','01033944506','나는 매운 밥을 좋아합니다.'),('87','예지','I6dZHv(2PV@mR%Vj','01022301655','나는 칼칼한 면을 좋아합니다.'),('88','영미','cL+9vzo%OkeG3W&a','01020002045','나는 달달한 음식을 선호합니다.'),('89','영숙','%Po#lkgr1i*p9sM#','01025628471','나는 칼칼한 면을 사랑합니다.'),('9','승민','%CZzHmSyndREd2u$','01038132662','나는 매운 밥을 선호합니다.'),('90','서준','vS(hrqQi**5nvCrr','0109507608','나는 매운 밥을 선호합니다.'),('91','정희','&!5&4O_bL3d^#Rtp','01085290509','나는 칼칼한 면을 선호합니다.'),('92','명숙','nI^75oHCdLlf99zj','01011380881','나는 매운 밥을 사랑합니다.'),('93','은영','L!NW4V&x@^(5vk7c','01080983477','나는 달달한 음식을 좋아합니다.'),('94','영일','ZC+$AsLm*)yj^6km','01060754346','나는 매운 밥을 좋아합니다.'),('95','현우','!e$J0F!zz9%c4bns','01078036121','나는 달달한 빵을 선호합니다.'),('96','수민','g(Iqn#(r7F9MKd@g','01015014115','나는 매운 밥을 좋아합니다.'),('97','상현','5qXj1d#wVcH@2Bvx','0107388091','나는 매운 빵을 사랑합니다.'),('98','준혁','1QVmsDMb$0$9apzT','01089991746','나는 매운 빵을 사랑합니다.'),('99','순자','MBJENeDcX%07wehA','01034988383','나는 달달한 음식을 좋아합니다.');
/*!40000 ALTER TABLE `user` ENABLE KEYS */;
UNLOCK TABLES;

--
-- Table structure for table `user_allergy`
--

DROP TABLE IF EXISTS `user_allergy`;
/*!40101 SET @saved_cs_client     = @@character_set_client */;
/*!40101 SET character_set_client = utf8 */;
CREATE TABLE `user_allergy` (
  `Allergy_ID` int(11) NOT NULL,
  `User_ID` varchar(10) NOT NULL,
  PRIMARY KEY (`Allergy_ID`,`User_ID`),
  KEY `FK_User_TO_User_Allergy_1` (`User_ID`),
  CONSTRAINT `FK_Allergy_TO_User_Allergy_1` FOREIGN KEY (`Allergy_ID`) REFERENCES `allergy` (`Allergy_ID`),
  CONSTRAINT `FK_User_TO_User_Allergy_1` FOREIGN KEY (`User_ID`) REFERENCES `user` (`User_ID`)
) ENGINE=InnoDB DEFAULT CHARSET=utf8mb4 COLLATE=utf8mb4_general_ci;
/*!40101 SET character_set_client = @saved_cs_client */;

--
-- Dumping data for table `user_allergy`
--

LOCK TABLES `user_allergy` WRITE;
/*!40000 ALTER TABLE `user_allergy` DISABLE KEYS */;
INSERT INTO `user_allergy` VALUES (1,'17'),(2,'11'),(2,'12'),(2,'14'),(2,'19'),(2,'2'),(2,'9'),(3,'10'),(3,'2'),(3,'20'),(3,'3'),(4,'11'),(4,'13'),(4,'3'),(5,'10'),(5,'12'),(5,'13'),(5,'14'),(5,'20'),(5,'5'),(6,'14'),(6,'5'),(6,'6'),(6,'9'),(7,'12'),(7,'13'),(7,'15'),(7,'16'),(7,'17'),(7,'4'),(8,'17'),(8,'18'),(8,'2'),(8,'4'),(9,'12'),(9,'14'),(9,'18'),(9,'20'),(10,'11'),(10,'12'),(10,'13'),(10,'17'),(10,'20'),(10,'8'),(11,'14'),(11,'17'),(11,'18');
/*!40000 ALTER TABLE `user_allergy` ENABLE KEYS */;
UNLOCK TABLES;
/*!40103 SET TIME_ZONE=@OLD_TIME_ZONE */;

/*!40101 SET SQL_MODE=@OLD_SQL_MODE */;
/*!40014 SET FOREIGN_KEY_CHECKS=@OLD_FOREIGN_KEY_CHECKS */;
/*!40014 SET UNIQUE_CHECKS=@OLD_UNIQUE_CHECKS */;
/*!40101 SET CHARACTER_SET_CLIENT=@OLD_CHARACTER_SET_CLIENT */;
/*!40101 SET CHARACTER_SET_RESULTS=@OLD_CHARACTER_SET_RESULTS */;
/*!40101 SET COLLATION_CONNECTION=@OLD_COLLATION_CONNECTION */;
/*!40111 SET SQL_NOTES=@OLD_SQL_NOTES */;

-- Dump completed on 2023-11-12 12:16:31
