use team06;

INSERT INTO user (User_ID, User_name, User_password, User_num, User_bio) VALUES ('1', '성민', 'SGU(z7*)w@7KJpY5', '01079393568', '나는 칼칼한 빵을 좋아합니다.');
INSERT INTO user (User_ID, User_name, User_password, User_num, User_bio) VALUES ('2', '영길', 'O7WpPKsB%wHvnJvP', '01033243829', '나는 매운 밥을 좋아합니다.');
INSERT INTO user (User_ID, User_name, User_password, User_num, User_bio) VALUES ('3', '민지', '$2P$zChPG2l#FKMn', '01083352375', '나는 칼칼한 빵을 선호합니다.');
INSERT INTO user (User_ID, User_name, User_password, User_num, User_bio) VALUES ('4', '정웅', '1ETYObnA@YAO$FVH', '01089506214', '나는 달달한 빵을 사랑합니다.');
INSERT INTO user (User_ID, User_name, User_password, User_num, User_bio) VALUES ('5', '예원', 'J$qiS7Ynb$$Y!EEn', '0108058528', '나는 칼칼한 면을 사랑합니다.');
INSERT INTO user (User_ID, User_name, User_password, User_num, User_bio) VALUES ('6', '중수', '3L9!VxqHN$f6(fol', '01096682921', '나는 칼칼한 음식을 사랑합니다.');
INSERT INTO user (User_ID, User_name, User_password, User_num, User_bio) VALUES ('7', '도윤', 'Q!&OjF_jP&84OR4R', '01046517690', '나는 달달한 음식을 좋아합니다.');
INSERT INTO user (User_ID, User_name, User_password, User_num, User_bio) VALUES ('8', '채원', '6gV(t!bA(gXoxH$', '01039778595', '나는 매운 면을 좋아합니다.');
INSERT INTO user (User_ID, User_name, User_password, User_num, User_bio) VALUES ('9', '승민', '%CZzHmSyndREd2u$', '01038132662', '나는 매운 밥을 선호합니다.');
INSERT INTO user (User_ID, User_name, User_password, User_num, User_bio) VALUES ('10', '영희', 'Uej9Bl&&_3OQBtoC', '01035661807', '나는 매운 밥을 좋아합니다.');
INSERT INTO user (User_ID, User_name, User_password, User_num, User_bio) VALUES ('11', '지후', '4ODvBP&%wM@VLZB', '01091179672', '나는 칼칼한 밥을 좋아합니다.');
INSERT INTO user (User_ID, User_name, User_password, User_num, User_bio) VALUES ('12', '아름', 'kOQ9)OtdX(duJDx5', '01076433596', '나는 달달한 빵을 선호합니다.');
INSERT INTO user (User_ID, User_name, User_password, User_num, User_bio) VALUES ('13', '정숙', '#9xED1nj7zY!qimA', '01064989898', '나는 달달한 빵을 좋아합니다.');
INSERT INTO user (User_ID, User_name, User_password, User_num, User_bio) VALUES ('14', '은영', 'TL26SJ@hR_UhL7b+', '01099894594', '나는 칼칼한 면을 좋아합니다.');
INSERT INTO user (User_ID, User_name, User_password, User_num, User_bio) VALUES ('15', '현숙', 'VhVfq%qi@0Lp6EkJ', '01041827912', '나는 매운 면을 좋아합니다.');
INSERT INTO user (User_ID, User_name, User_password, User_num, User_bio) VALUES ('16', '경숙', '_NVH@6HzN!y$I2Dt', '01092730593', '나는 칼칼한 면을 선호합니다.');
INSERT INTO user (User_ID, User_name, User_password, User_num, User_bio) VALUES ('17', '정훈', ')o5XlQokMo5aB^VZ', '01046591649', '나는 칼칼한 빵을 선호합니다.');
INSERT INTO user (User_ID, User_name, User_password, User_num, User_bio) VALUES ('18', '미정', '5yE6IMkaO(yjRa0X', '01013245144', '나는 매운 밥을 좋아합니다.');
INSERT INTO user (User_ID, User_name, User_password, User_num, User_bio) VALUES ('19', '혜진', '1zGVhOFm$&UVQt0N', '01084750117', '나는 매운 빵을 좋아합니다.');
INSERT INTO user (User_ID, User_name, User_password, User_num, User_bio) VALUES ('20', '광수', '^1)oX(HN64EKE!cD', '01092499621', '나는 달달한 면을 선호합니다.');
INSERT INTO user (User_ID, User_name, User_password, User_num, User_bio) VALUES ('21', '지후', 'C00LE((LH$DLMmA7', '01081655651', '나는 매운 면을 좋아합니다.');
INSERT INTO user (User_ID, User_name, User_password, User_num, User_bio) VALUES ('22', '지현', '$mH&tLUAn4LiY%N1', '01026811066', '나는 매운 면을 좋아합니다.');
INSERT INTO user (User_ID, User_name, User_password, User_num, User_bio) VALUES ('23', '수진', '%42@StGqiTKQAIzW', '01031634302', '나는 칼칼한 빵을 사랑합니다.');
INSERT INTO user (User_ID, User_name, User_password, User_num, User_bio) VALUES ('24', '경수', ')FM78dLxPDz#3zU', '01093300898', '나는 달달한 밥을 선호합니다.');
INSERT INTO user (User_ID, User_name, User_password, User_num, User_bio) VALUES ('25', '민지', 'ZS%5ZCSz6H6F$TQN', '01062959361', '나는 달달한 음식을 선호합니다.');
INSERT INTO user (User_ID, User_name, User_password, User_num, User_bio) VALUES ('26', '유진', 'h$aNy^Z!1dj2Wmn3', '01066824568', '나는 달달한 빵을 선호합니다.');
INSERT INTO user (User_ID, User_name, User_password, User_num, User_bio) VALUES ('27', '현준', 'WkrIC0HgB)Nih3tz', '0107038834', '나는 달달한 음식을 사랑합니다.');
INSERT INTO user (User_ID, User_name, User_password, User_num, User_bio) VALUES ('28', '민수', 'OE$o(K%MD)c%8pd', '01049864760', '나는 칼칼한 빵을 좋아합니다.');
INSERT INTO user (User_ID, User_name, User_password, User_num, User_bio) VALUES ('29', '옥순', 'rV@hnjBpyo0T%66M', '01040314746', '나는 달달한 면을 선호합니다.');
INSERT INTO user (User_ID, User_name, User_password, User_num, User_bio) VALUES ('30', '수진', 'L)&wYQ5w!iWeM4MP', '01066467898', '나는 달달한 밥을 선호합니다.');
INSERT INTO user (User_ID, User_name, User_password, User_num, User_bio) VALUES ('31', '경자', '&mm1^S%_LTk&ItV', '01051497933', '나는 칼칼한 빵을 사랑합니다.');
INSERT INTO user (User_ID, User_name, User_password, User_num, User_bio) VALUES ('32', '영숙', ')9jh2GUmR#J+0HCG', '01099554214', '나는 매운 빵을 사랑합니다.');
INSERT INTO user (User_ID, User_name, User_password, User_num, User_bio) VALUES ('33', '지혜', 'Uo02#jD8mK#8JMtX', '01023484633', '나는 칼칼한 빵을 선호합니다.');
INSERT INTO user (User_ID, User_name, User_password, User_num, User_bio) VALUES ('34', '채원', 'q)74Tq8fs@sFNC8o', '0102471875', '나는 매운 음식을 좋아합니다.');
INSERT INTO user (User_ID, User_name, User_password, User_num, User_bio) VALUES ('35', '경희', '#R(Wb!8+Cw5J0X+m', '0105259889', '나는 매운 밥을 사랑합니다.');
INSERT INTO user (User_ID, User_name, User_password, User_num, User_bio) VALUES ('36', '정훈', 'gYOZM4Aa!U@6A&iC', '01010960609', '나는 칼칼한 음식을 사랑합니다.');
INSERT INTO user (User_ID, User_name, User_password, User_num, User_bio) VALUES ('37', '윤서', 'FGN5KIHx3Pntbgi', '01050307367', '나는 칼칼한 음식을 좋아합니다.');
INSERT INTO user (User_ID, User_name, User_password, User_num, User_bio) VALUES ('38', '영순', '6my74VdgP^08fJb4', '01041783829', '나는 칼칼한 면을 좋아합니다.');
INSERT INTO user (User_ID, User_name, User_password, User_num, User_bio) VALUES ('39', '은영', '^WI$NAg%cSW8kD2', '01053698182', '나는 매운 면을 좋아합니다.');
INSERT INTO user (User_ID, User_name, User_password, User_num, User_bio) VALUES ('40', '병철', '9zU3VwJvUp_3WsRM', '01030201668', '나는 칼칼한 음식을 사랑합니다.');
INSERT INTO user (User_ID, User_name, User_password, User_num, User_bio) VALUES ('41', '선영', 'n1Mn9viF(2&OZZc', '01062712248', '나는 칼칼한 빵을 좋아합니다.');
INSERT INTO user (User_ID, User_name, User_password, User_num, User_bio) VALUES ('42', '미숙', 'vI134lCLF#(bXF', '01083974693', '나는 칼칼한 면을 사랑합니다.');
INSERT INTO user (User_ID, User_name, User_password, User_num, User_bio) VALUES ('43', '은영', '&LYOdN^x#B00SkPt', '01056177635', '나는 달달한 면을 좋아합니다.');
INSERT INTO user (User_ID, User_name, User_password, User_num, User_bio) VALUES ('44', '정순', 'D2oPUaY2boQrPdJ', '01021136365', '나는 달달한 빵을 좋아합니다.');
INSERT INTO user (User_ID, User_name, User_password, User_num, User_bio) VALUES ('45', '미정', '%tVVjUlQLM5rBMQ*', '01070299352', '나는 매운 밥을 선호합니다.');
INSERT INTO user (User_ID, User_name, User_password, User_num, User_bio) VALUES ('46', '지혜', '(#18PpeyM8E##yb', '01035403956', '나는 매운 음식을 선호합니다.');
INSERT INTO user (User_ID, User_name, User_password, User_num, User_bio) VALUES ('47', '현지', '$*VM%pDd71mEPlh', '01066568468', '나는 칼칼한 음식을 사랑합니다.');
INSERT INTO user (User_ID, User_name, User_password, User_num, User_bio) VALUES ('48', '지민', 'qbM%WLAy4jTmInj', '01086106869', '나는 칼칼한 밥을 좋아합니다.');
INSERT INTO user (User_ID, User_name, User_password, User_num, User_bio) VALUES ('49', '지원', 'u3@8IQrU%)$te(Ri', '01097302516', '나는 칼칼한 음식을 사랑합니다.');
INSERT INTO user (User_ID, User_name, User_password, User_num, User_bio) VALUES ('50', '도현', 'yXDiydYq2X37zcX', '01073653924', '나는 칼칼한 밥을 좋아합니다.');
INSERT INTO user (User_ID, User_name, User_password, User_num, User_bio) VALUES ('51', '지혜', 'iQ)PMp7_v2DQ(u1', '01077466724', '나는 달달한 빵을 좋아합니다.');
INSERT INTO user (User_ID, User_name, User_password, User_num, User_bio) VALUES ('52', '상현', 'Zg5!+jx__keVC5T*', '01052774180', '나는 달달한 음식을 좋아합니다.');
INSERT INTO user (User_ID, User_name, User_password, User_num, User_bio) VALUES ('53', '도현', '!do)BRdXkk!a1Xwb', '01051543522', '나는 달달한 밥을 사랑합니다.');
INSERT INTO user (User_ID, User_name, User_password, User_num, User_bio) VALUES ('54', '주원', 'eAI7fs+Uu%gAqI', '01031141980', '나는 칼칼한 음식을 사랑합니다.');
INSERT INTO user (User_ID, User_name, User_password, User_num, User_bio) VALUES ('55', '미경', 'fJb8NQSqT(JfmzT+', '01066551271', '나는 달달한 면을 사랑합니다.');
INSERT INTO user (User_ID, User_name, User_password, User_num, User_bio) VALUES ('56', '순옥', 'TXs8spKZqGsJ%ss4', '01018070038', '나는 매운 면을 선호합니다.');
INSERT INTO user (User_ID, User_name, User_password, User_num, User_bio) VALUES ('57', '진호', ')%0Z7V@ac(COs!i', '01010444172', '나는 칼칼한 음식을 사랑합니다.');
INSERT INTO user (User_ID, User_name, User_password, User_num, User_bio) VALUES ('58', '준서', 'ge6+ljYvD%ZjwBf', '0105303172', '나는 달달한 밥을 좋아합니다.');
INSERT INTO user (User_ID, User_name, User_password, User_num, User_bio) VALUES ('59', '민서', '8qPV5)8cYiPadIuI', '01050517335', '나는 달달한 밥을 좋아합니다.');
INSERT INTO user (User_ID, User_name, User_password, User_num, User_bio) VALUES ('60', '윤서', 'k)@FYQAlg_Qs2Wr+', '01058709689', '나는 칼칼한 밥을 선호합니다.');
INSERT INTO user (User_ID, User_name, User_password, User_num, User_bio) VALUES ('61', '지훈', '4(MzrFCw$F$c98)', '01088919801', '나는 칼칼한 면을 사랑합니다.');
INSERT INTO user (User_ID, User_name, User_password, User_num, User_bio) VALUES ('62', '영환', '#4_CiGyttcfo4CYt', '01089350860', '나는 칼칼한 밥을 사랑합니다.');
INSERT INTO user (User_ID, User_name, User_password, User_num, User_bio) VALUES ('63', '하윤', '%)5UnI@(IEXiZC3Y', '01037400925', '나는 매운 음식을 좋아합니다.');
INSERT INTO user (User_ID, User_name, User_password, User_num, User_bio) VALUES ('64', '경자', 's+z^JmR1)d7aIXDr', '01079284801', '나는 칼칼한 빵을 선호합니다.');
INSERT INTO user (User_ID, User_name, User_password, User_num, User_bio) VALUES ('65', '옥순', '8l0^4Q8f&Wjw4GvC', '01047365249', '나는 달달한 밥을 사랑합니다.');
INSERT INTO user (User_ID, User_name, User_password, User_num, User_bio) VALUES ('66', '준혁', '+t(1BOvXrmRRGWB^', '01079545068', '나는 칼칼한 면을 좋아합니다.');
INSERT INTO user (User_ID, User_name, User_password, User_num, User_bio) VALUES ('67', '영식', 'Zje)aeoBN82SvsOz', '01086111837', '나는 칼칼한 음식을 좋아합니다.');
INSERT INTO user (User_ID, User_name, User_password, User_num, User_bio) VALUES ('68', '은경', '!njrt1p)E0%n6NWj', '01034120706', '나는 달달한 빵을 사랑합니다.');
INSERT INTO user (User_ID, User_name, User_password, User_num, User_bio) VALUES ('69', '병철', '4N5$iVdi@hGhTA!o', '01053582012', '나는 매운 음식을 좋아합니다.');
INSERT INTO user (User_ID, User_name, User_password, User_num, User_bio) VALUES ('70', '경희', '1I%F0GP%@Y4JuZ6i', '01039932477', '나는 매운 음식을 선호합니다.');
INSERT INTO user (User_ID, User_name, User_password, User_num, User_bio) VALUES ('71', '승현', 'bIQ^*#z&)52hMSs', '01093518947', '나는 칼칼한 음식을 좋아합니다.');
INSERT INTO user (User_ID, User_name, User_password, User_num, User_bio) VALUES ('72', '혜진', ')hIjMKqvzr5Xv4B*', '01064464813', '나는 달달한 빵을 좋아합니다.');
INSERT INTO user (User_ID, User_name, User_password, User_num, User_bio) VALUES ('73', '병철', ')6FyRimvhbNj9cm', '01091156848', '나는 달달한 빵을 선호합니다.');
INSERT INTO user (User_ID, User_name, User_password, User_num, User_bio) VALUES ('74', '주원', '4#$9G1x!#5foicEp', '01048333622', '나는 매운 빵을 선호합니다.');
INSERT INTO user (User_ID, User_name, User_password, User_num, User_bio) VALUES ('75', '영길', 'v3eIqATb_lez1K!W', '0104671214', '나는 달달한 면을 사랑합니다.');
INSERT INTO user (User_ID, User_name, User_password, User_num, User_bio) VALUES ('76', '준서', 'Y%q3jEzeBGe_nib#', '01039740661', '나는 매운 빵을 사랑합니다.');
INSERT INTO user (User_ID, User_name, User_password, User_num, User_bio) VALUES ('77', '유진', '8(0H!+W$IJyh8Lt', '01021518047', '나는 달달한 음식을 좋아합니다.');
INSERT INTO user (User_ID, User_name, User_password, User_num, User_bio) VALUES ('78', '선영', 'kQ+0BG(Lv@!)3m7A', '01025170263', '나는 달달한 빵을 사랑합니다.');
INSERT INTO user (User_ID, User_name, User_password, User_num, User_bio) VALUES ('79', '현숙', 'pW10tAmB0CZgJ4@', '01097300060', '나는 달달한 빵을 사랑합니다.');
INSERT INTO user (User_ID, User_name, User_password, User_num, User_bio) VALUES ('80', '영수', 'w8V#gPpY%^6$Q7MX', '01063084116', '나는 매운 면을 선호합니다.');
INSERT INTO user (User_ID, User_name, User_password, User_num, User_bio) VALUES ('81', '경자', 'biS((NF3DrR3!%mh', '010857155', '나는 칼칼한 음식을 사랑합니다.');
INSERT INTO user (User_ID, User_name, User_password, User_num, User_bio) VALUES ('82', '성민', 'c!4x6Lhq_zfwvEP9', '01075461421', '나는 칼칼한 면을 좋아합니다.');
INSERT INTO user (User_ID, User_name, User_password, User_num, User_bio) VALUES ('83', '정훈', '_w601V2y)cU$_LBv', '01027305907', '나는 칼칼한 빵을 선호합니다.');
INSERT INTO user (User_ID, User_name, User_password, User_num, User_bio) VALUES ('84', '예진', 'h(Hb7v6tvQ$WIM@K', '01034090839', '나는 칼칼한 밥을 사랑합니다.');
INSERT INTO user (User_ID, User_name, User_password, User_num, User_bio) VALUES ('85', '준서', '%33tR7Svq66315Du', '01012527396', '나는 칼칼한 음식을 사랑합니다.');
INSERT INTO user (User_ID, User_name, User_password, User_num, User_bio) VALUES ('86', '현숙', '!m_4OdZNh6#)OFKp', '01033944506', '나는 매운 밥을 좋아합니다.');
INSERT INTO user (User_ID, User_name, User_password, User_num, User_bio) VALUES ('87', '예지', 'I6dZHv(2PV@mR%Vj', '01022301655', '나는 칼칼한 면을 좋아합니다.');
INSERT INTO user (User_ID, User_name, User_password, User_num, User_bio) VALUES ('88', '영미', 'cL+9vzo%OkeG3W&a', '01020002045', '나는 달달한 음식을 선호합니다.');
INSERT INTO user (User_ID, User_name, User_password, User_num, User_bio) VALUES ('89', '영숙', '%Po#lkgr1ip9sM#', '01025628471', '나는 칼칼한 면을 사랑합니다.');
INSERT INTO user (User_ID, User_name, User_password, User_num, User_bio) VALUES ('90', '서준', 'vS(hrqQi**5nvCrr', '0109507608', '나는 매운 밥을 선호합니다.');
INSERT INTO user (User_ID, User_name, User_password, User_num, User_bio) VALUES ('91', '정희', '&!5&4O_bL3d^#Rtp', '01085290509', '나는 칼칼한 면을 선호합니다.');
INSERT INTO user (User_ID, User_name, User_password, User_num, User_bio) VALUES ('92', '명숙', 'nI^75oHCdLlf99zj', '01011380881', '나는 매운 밥을 사랑합니다.');
INSERT INTO user (User_ID, User_name, User_password, User_num, User_bio) VALUES ('93', '은영', 'L!NW4V&x@^(5vk7c', '01080983477', '나는 달달한 음식을 좋아합니다.');
INSERT INTO user (User_ID, User_name, User_password, User_num, User_bio) VALUES ('94', '영일', 'ZC+$AsLm*)yj^6km', '01060754346', '나는 매운 밥을 좋아합니다.');
INSERT INTO user (User_ID, User_name, User_password, User_num, User_bio) VALUES ('95', '현우', '!e$J0F!zz9%c4bns', '01078036121', '나는 달달한 빵을 선호합니다.');
INSERT INTO user (User_ID, User_name, User_password, User_num, User_bio) VALUES ('96', '수민', 'g(Iqn#(r7F9MKd@g', '01015014115', '나는 매운 밥을 좋아합니다.');
INSERT INTO user (User_ID, User_name, User_password, User_num, User_bio) VALUES ('97', '상현', '5qXj1d#wVcH@2Bvx', '0107388091', '나는 매운 빵을 사랑합니다.');
INSERT INTO user (User_ID, User_name, User_password, User_num, User_bio) VALUES ('98', '준혁', '1QVmsDMb$0$9apzT', '01089991746', '나는 매운 빵을 사랑합니다.');
INSERT INTO user (User_ID, User_name, User_password, User_num, User_bio) VALUES ('99', '순자', 'MBJENeDcX%07wehA', '01034988383', '나는 달달한 음식을 좋아합니다.');
INSERT INTO user (User_ID, User_name, User_password, User_num, User_bio) VALUES ('100', '채원', '9qMTkyHKvl%bP55y', '01085528423', '나는 칼칼한 면을 선호합니다.');

INSERT INTO allergy (Allergy_ID, Allergy_name) VALUES ('1', '우유');
INSERT INTO allergy (Allergy_ID, Allergy_name) VALUES ('2', '메밀');
INSERT INTO allergy (Allergy_ID, Allergy_name) VALUES ('3', '땅콩');
INSERT INTO allergy (Allergy_ID, Allergy_name) VALUES ('4', '대두');
INSERT INTO allergy (Allergy_ID, Allergy_name) VALUES ('5', '밀');
INSERT INTO allergy (Allergy_ID, Allergy_name) VALUES ('6', '복숭아');
INSERT INTO allergy (Allergy_ID, Allergy_name) VALUES ('7', '토마토');
INSERT INTO allergy (Allergy_ID, Allergy_name) VALUES ('8', '호두');
INSERT INTO allergy (Allergy_ID, Allergy_name) VALUES ('9', '돼지고기');
INSERT INTO allergy (Allergy_ID, Allergy_name) VALUES ('10', '쇠고기');
INSERT INTO allergy (Allergy_ID, Allergy_name) VALUES ('11', '갑각류');

INSERT INTO user_allergy (User_ID, Allergy_ID) VALUES ('18', '11');
INSERT INTO user_allergy (User_ID, Allergy_ID) VALUES ('14', '5');
INSERT INTO user_allergy (User_ID, Allergy_ID) VALUES ('12', '7');
INSERT INTO user_allergy (User_ID, Allergy_ID) VALUES ('3', '4');
INSERT INTO user_allergy (User_ID, Allergy_ID) VALUES ('11', '2');
INSERT INTO user_allergy (User_ID, Allergy_ID) VALUES ('14', '6');
INSERT INTO user_allergy (User_ID, Allergy_ID) VALUES ('20', '5');
INSERT INTO user_allergy (User_ID, Allergy_ID) VALUES ('12', '9');
INSERT INTO user_allergy (User_ID, Allergy_ID) VALUES ('3', '3');
INSERT INTO user_allergy (User_ID, Allergy_ID) VALUES ('4', '8');
INSERT INTO user_allergy (User_ID, Allergy_ID) VALUES ('14', '9');
INSERT INTO user_allergy (User_ID, Allergy_ID) VALUES ('14', '2');
INSERT INTO user_allergy (User_ID, Allergy_ID) VALUES ('18', '9');
INSERT INTO user_allergy (User_ID, Allergy_ID) VALUES ('17', '11');
INSERT INTO user_allergy (User_ID, Allergy_ID) VALUES ('11', '4');
INSERT INTO user_allergy (User_ID, Allergy_ID) VALUES ('12', '2');
INSERT INTO user_allergy (User_ID, Allergy_ID) VALUES ('4', '7');
INSERT INTO user_allergy (User_ID, Allergy_ID) VALUES ('9', '2');
INSERT INTO user_allergy (User_ID, Allergy_ID) VALUES ('9', '6');
INSERT INTO user_allergy (User_ID, Allergy_ID) VALUES ('14', '11');
INSERT INTO user_allergy (User_ID, Allergy_ID) VALUES ('13', '10');
INSERT INTO user_allergy (User_ID, Allergy_ID) VALUES ('10', '3');
INSERT INTO user_allergy (User_ID, Allergy_ID) VALUES ('5', '5');
INSERT INTO user_allergy (User_ID, Allergy_ID) VALUES ('17', '8');
INSERT INTO user_allergy (User_ID, Allergy_ID) VALUES ('20', '10');
INSERT INTO user_allergy (User_ID, Allergy_ID) VALUES ('13', '7');
INSERT INTO user_allergy (User_ID, Allergy_ID) VALUES ('11', '10');
INSERT INTO user_allergy (User_ID, Allergy_ID) VALUES ('12', '10');
INSERT INTO user_allergy (User_ID, Allergy_ID) VALUES ('17', '1');
INSERT INTO user_allergy (User_ID, Allergy_ID) VALUES ('8', '10');
INSERT INTO user_allergy (User_ID, Allergy_ID) VALUES ('13', '4');
INSERT INTO user_allergy (User_ID, Allergy_ID) VALUES ('12', '5');
INSERT INTO user_allergy (User_ID, Allergy_ID) VALUES ('15', '7');
INSERT INTO user_allergy (User_ID, Allergy_ID) VALUES ('2', '3');
INSERT INTO user_allergy (User_ID, Allergy_ID) VALUES ('2', '8');
INSERT INTO user_allergy (User_ID, Allergy_ID) VALUES ('5', '6');
INSERT INTO user_allergy (User_ID, Allergy_ID) VALUES ('19', '2');
INSERT INTO user_allergy (User_ID, Allergy_ID) VALUES ('6', '6');
INSERT INTO user_allergy (User_ID, Allergy_ID) VALUES ('2', '2');
INSERT INTO user_allergy (User_ID, Allergy_ID) VALUES ('16', '7');
INSERT INTO user_allergy (User_ID, Allergy_ID) VALUES ('20', '9');
INSERT INTO user_allergy (User_ID, Allergy_ID) VALUES ('13', '5');
INSERT INTO user_allergy (User_ID, Allergy_ID) VALUES ('20', '3');
INSERT INTO user_allergy (User_ID, Allergy_ID) VALUES ('10', '5');
INSERT INTO user_allergy (User_ID, Allergy_ID) VALUES ('18', '8');
INSERT INTO user_allergy (User_ID, Allergy_ID) VALUES ('17', '7');
INSERT INTO user_allergy (User_ID, Allergy_ID) VALUES ('17', '10');
INSERT INTO user_allergy (User_ID, Allergy_ID) VALUES ('14', '3');
INSERT INTO user_allergy (User_ID, Allergy_ID) VALUES ('20', '8');
INSERT INTO user_allergy (User_ID, Allergy_ID) VALUES ('9', '8');
INSERT INTO user_allergy (User_ID, Allergy_ID) VALUES ('8', '1');
INSERT INTO user_allergy (User_ID, Allergy_ID) VALUES ('17', '5');
INSERT INTO user_allergy (User_ID, Allergy_ID) VALUES ('7', '11');
INSERT INTO user_allergy (User_ID, Allergy_ID) VALUES ('8', '6');
INSERT INTO user_allergy (User_ID, Allergy_ID) VALUES ('12', '8');
INSERT INTO user_allergy (User_ID, Allergy_ID) VALUES ('3', '8');
INSERT INTO user_allergy (User_ID, Allergy_ID) VALUES ('4', '5');
INSERT INTO user_allergy (User_ID, Allergy_ID) VALUES ('14', '8');
INSERT INTO user_allergy (User_ID, Allergy_ID) VALUES ('13', '1');
INSERT INTO user_allergy (User_ID, Allergy_ID) VALUES ('15', '1');
INSERT INTO user_allergy (User_ID, Allergy_ID) VALUES ('10', '7');
INSERT INTO user_allergy (User_ID, Allergy_ID) VALUES ('4', '1');
INSERT INTO user_allergy (User_ID, Allergy_ID) VALUES ('17', '6');
INSERT INTO user_allergy (User_ID, Allergy_ID) VALUES ('16', '5');
INSERT INTO user_allergy (User_ID, Allergy_ID) VALUES ('8', '5');
INSERT INTO user_allergy (User_ID, Allergy_ID) VALUES ('18', '5');
INSERT INTO user_allergy (User_ID, Allergy_ID) VALUES ('12', '6');
INSERT INTO user_allergy (User_ID, Allergy_ID) VALUES ('12', '11');
INSERT INTO user_allergy (User_ID, Allergy_ID) VALUES ('4', '4');
INSERT INTO user_allergy (User_ID, Allergy_ID) VALUES ('13', '8');
INSERT INTO user_allergy (User_ID, Allergy_ID) VALUES ('4', '2');
INSERT INTO user_allergy (User_ID, Allergy_ID) VALUES ('13', '2');
INSERT INTO user_allergy (User_ID, Allergy_ID) VALUES ('7', '1');
INSERT INTO user_allergy (User_ID, Allergy_ID) VALUES ('1', '11');
INSERT INTO user_allergy (User_ID, Allergy_ID) VALUES ('19', '7');
INSERT INTO user_allergy (User_ID, Allergy_ID) VALUES ('10', '6');
INSERT INTO user_allergy (User_ID, Allergy_ID) VALUES ('9', '11');
INSERT INTO user_allergy (User_ID, Allergy_ID) VALUES ('10', '11');
INSERT INTO user_allergy (User_ID, Allergy_ID) VALUES ('9', '5');
INSERT INTO user_allergy (User_ID, Allergy_ID) VALUES ('6', '11');
INSERT INTO user_allergy (User_ID, Allergy_ID) VALUES ('18', '10');
INSERT INTO user_allergy (User_ID, Allergy_ID) VALUES ('16', '3');
INSERT INTO user_allergy (User_ID, Allergy_ID) VALUES ('11', '6');
INSERT INTO user_allergy (User_ID, Allergy_ID) VALUES ('19', '6');

INSERT INTO category (Category_ID, Category_name) VALUES ('1', '분식');
INSERT INTO category (Category_ID, Category_name) VALUES ('2', '중식당');
INSERT INTO category (Category_ID, Category_name) VALUES ('3', '양식당');
INSERT INTO category (Category_ID, Category_name) VALUES ('4', '한식당');
INSERT INTO category (Category_ID, Category_name) VALUES ('5', '일식당');
INSERT INTO category (Category_ID, Category_name) VALUES ('6', '피자');
INSERT INTO category (Category_ID, Category_name) VALUES ('7', '카페');

INSERT INTO restaurant (Res_ID, Res_name, Res_address, Res_img_url, Category_ID) VALUES ('1', '유한회사 윤 중식당', '서울특별시 서대문구 망원동', 'https://dummyimage.com/1008x938', '2');
INSERT INTO restaurant (Res_ID, Res_name, Res_address, Res_img_url, Category_ID) VALUES ('2', '김최 일식당', '서울특별시 서대문구 신수동', 'https://dummyimage.com/537x263', '5');
INSERT INTO restaurant (Res_ID, Res_name, Res_address, Res_img_url, Category_ID) VALUES ('3', '주식회사 이강허 분식', '서울특별시 마포구 아현동', 'https://dummyimage.com/165x576', '1');
INSERT INTO restaurant (Res_ID, Res_name, Res_address, Res_img_url, Category_ID) VALUES ('4', '(주) 김김최 피자', '서울특별시 마포구 서강동', 'https://placekitten.com/282/196', '6');
INSERT INTO restaurant (Res_ID, Res_name, Res_address, Res_img_url, Category_ID) VALUES ('5', '(주) 김송김 한식당', '서울특별시 마포구 신수동', 'https://placekitten.com/670/674', '4');
INSERT INTO restaurant (Res_ID, Res_name, Res_address, Res_img_url, Category_ID) VALUES ('6', '주식회사 이 한식당', '서울특별시 마포구 신수동', 'https://picsum.photos/772/800', '4');
INSERT INTO restaurant (Res_ID, Res_name, Res_address, Res_img_url, Category_ID) VALUES ('7', '유한회사 송 양식당', '서울특별시 마포구 서교동', 'https://picsum.photos/114/180', '3');
INSERT INTO restaurant (Res_ID, Res_name, Res_address, Res_img_url, Category_ID) VALUES ('8', '(유) 오 피자', '서울특별시 서대문구 충현동', 'https://dummyimage.com/503x161', '6');
INSERT INTO restaurant (Res_ID, Res_name, Res_address, Res_img_url, Category_ID) VALUES ('9', '백이 중식당', '서울특별시 서대문구 성산동', 'https://picsum.photos/357/407', '2');
INSERT INTO restaurant (Res_ID, Res_name, Res_address, Res_img_url, Category_ID) VALUES ('10', '주식회사 박송이 양식당', '서울특별시 마포구 상암동', 'https://picsum.photos/795/24', '3');
INSERT INTO restaurant (Res_ID, Res_name, Res_address, Res_img_url, Category_ID) VALUES ('11', '주식회사 김 양식당', '서울특별시 서대문구 서교동', 'https://dummyimage.com/247x491', '3');
INSERT INTO restaurant (Res_ID, Res_name, Res_address, Res_img_url, Category_ID) VALUES ('12', '서박고 분식', '서울특별시 서대문구 용강동', 'https://dummyimage.com/329x536', '1');
INSERT INTO restaurant (Res_ID, Res_name, Res_address, Res_img_url, Category_ID) VALUES ('13', '박윤 양식당', '서울특별시 서대문구 성산동', 'https://dummyimage.com/358x846', '3');
INSERT INTO restaurant (Res_ID, Res_name, Res_address, Res_img_url, Category_ID) VALUES ('14', '윤나최 피자', '서울특별시 마포구 용강동', 'https://dummyimage.com/44x661', '6');
INSERT INTO restaurant (Res_ID, Res_name, Res_address, Res_img_url, Category_ID) VALUES ('15', '최우안 분식', '서울특별시 마포구 상암동', 'https://placekitten.com/771/19', '1');
INSERT INTO restaurant (Res_ID, Res_name, Res_address, Res_img_url, Category_ID) VALUES ('16', '(유) 김 양식당', '서울특별시 마포구 공덕동', 'https://picsum.photos/820/200', '3');
INSERT INTO restaurant (Res_ID, Res_name, Res_address, Res_img_url, Category_ID) VALUES ('17', '박윤김 양식당', '서울특별시 마포구 망원동', 'https://picsum.photos/167/109', '3');
INSERT INTO restaurant (Res_ID, Res_name, Res_address, Res_img_url, Category_ID) VALUES ('18', '서손 분식', '서울특별시 서대문구 대흥동', 'https://dummyimage.com/197x4', '1');
INSERT INTO restaurant (Res_ID, Res_name, Res_address, Res_img_url, Category_ID) VALUES ('19', '안이 양식당', '서울특별시 마포구 망원동', 'https://dummyimage.com/493x936', '3');
INSERT INTO restaurant (Res_ID, Res_name, Res_address, Res_img_url, Category_ID) VALUES ('20', '(주) 윤 중식당', '서울특별시 마포구 연남동', 'https://dummyimage.com/473x572', '2');
INSERT INTO restaurant (Res_ID, Res_name, Res_address, Res_img_url, Category_ID) VALUES ('21', '(주) 김 일식당', '서울특별시 서대문구 공덕동', 'https://picsum.photos/627/226', '5');
INSERT INTO restaurant (Res_ID, Res_name, Res_address, Res_img_url, Category_ID) VALUES ('22', '(유) 황 분식', '서울특별시 마포구 도화동', 'https://picsum.photos/645/686', '1');
INSERT INTO restaurant (Res_ID, Res_name, Res_address, Res_img_url, Category_ID) VALUES ('23', '김이윤 한식당', '서울특별시 서대문구 공덕동', 'https://dummyimage.com/756x524', '4');
INSERT INTO restaurant (Res_ID, Res_name, Res_address, Res_img_url, Category_ID) VALUES ('24', '김김 피자', '서울특별시 서대문구 북아현동', 'https://picsum.photos/330/457', '6');
INSERT INTO restaurant (Res_ID, Res_name, Res_address, Res_img_url, Category_ID) VALUES ('25', '박김박 중식당', '서울특별시 서대문구 충현동', 'https://placekitten.com/42/782', '2');
INSERT INTO restaurant (Res_ID, Res_name, Res_address, Res_img_url, Category_ID) VALUES ('26', '주식회사 문이강 카페', '서울특별시 마포구 성산동', 'https://picsum.photos/893/554', '7');
INSERT INTO restaurant (Res_ID, Res_name, Res_address, Res_img_url, Category_ID) VALUES ('27', '(주) 류이민 한식당', '서울특별시 마포구 도화동', 'https://placekitten.com/316/832', '4');
INSERT INTO restaurant (Res_ID, Res_name, Res_address, Res_img_url, Category_ID) VALUES ('28', '유한회사 김박김 일식당', '서울특별시 마포구 신수동', 'https://placekitten.com/361/461', '5');
INSERT INTO restaurant (Res_ID, Res_name, Res_address, Res_img_url, Category_ID) VALUES ('29', '유한회사 김 중식당', '서울특별시 서대문구 공덕동', 'https://dummyimage.com/627x847', '2');
INSERT INTO restaurant (Res_ID, Res_name, Res_address, Res_img_url, Category_ID) VALUES ('30', '한박장 피자', '서울특별시 서대문구 연남동', 'https://placekitten.com/614/251', '6');
INSERT INTO restaurant (Res_ID, Res_name, Res_address, Res_img_url, Category_ID) VALUES ('31', '이서 중식당', '서울특별시 서대문구 서강동', 'https://picsum.photos/656/669', '2');
INSERT INTO restaurant (Res_ID, Res_name, Res_address, Res_img_url, Category_ID) VALUES ('32', '김류 일식당', '서울특별시 마포구 연남동', 'https://picsum.photos/417/439', '5');
INSERT INTO restaurant (Res_ID, Res_name, Res_address, Res_img_url, Category_ID) VALUES ('33', '서장진 분식', '서울특별시 서대문구 신수동', 'https://picsum.photos/414/171', '1');
INSERT INTO restaurant (Res_ID, Res_name, Res_address, Res_img_url, Category_ID) VALUES ('34', '오이 양식당', '서울특별시 서대문구 합정동', 'https://picsum.photos/976/765', '3');
INSERT INTO restaurant (Res_ID, Res_name, Res_address, Res_img_url, Category_ID) VALUES ('35', '주식회사 김오최 양식당', '서울특별시 서대문구 상암동', 'https://picsum.photos/211/206', '3');
INSERT INTO restaurant (Res_ID, Res_name, Res_address, Res_img_url, Category_ID) VALUES ('36', '최김송 양식당', '서울특별시 서대문구 상암동', 'https://picsum.photos/391/520', '3');
INSERT INTO restaurant (Res_ID, Res_name, Res_address, Res_img_url, Category_ID) VALUES ('37', '(유) 송 피자', '서울특별시 마포구 서교동', 'https://picsum.photos/294/405', '6');
INSERT INTO restaurant (Res_ID, Res_name, Res_address, Res_img_url, Category_ID) VALUES ('38', '유한회사 박 피자', '서울특별시 서대문구 공덕동', 'https://placekitten.com/681/240', '6');
INSERT INTO restaurant (Res_ID, Res_name, Res_address, Res_img_url, Category_ID) VALUES ('39', '주식회사 한 중식당', '서울특별시 서대문구 서교동', 'https://dummyimage.com/275x959', '2');
INSERT INTO restaurant (Res_ID, Res_name, Res_address, Res_img_url, Category_ID) VALUES ('40', '(유) 김 양식당', '서울특별시 서대문구 도화동', 'https://dummyimage.com/535x1007', '3');
INSERT INTO restaurant (Res_ID, Res_name, Res_address, Res_img_url, Category_ID) VALUES ('41', '하김박 분식', '서울특별시 마포구 성산동', 'https://placekitten.com/490/608', '1');
INSERT INTO restaurant (Res_ID, Res_name, Res_address, Res_img_url, Category_ID) VALUES ('42', '(유) 양 양식당', '서울특별시 서대문구 서교동', 'https://picsum.photos/42/41', '3');
INSERT INTO restaurant (Res_ID, Res_name, Res_address, Res_img_url, Category_ID) VALUES ('43', '권최문 양식당', '서울특별시 서대문구 서교동', 'https://picsum.photos/899/55', '3');
INSERT INTO restaurant (Res_ID, Res_name, Res_address, Res_img_url, Category_ID) VALUES ('44', '(유) 오백박 양식당', '서울특별시 마포구 망원동', 'https://placekitten.com/994/783', '3');
INSERT INTO restaurant (Res_ID, Res_name, Res_address, Res_img_url, Category_ID) VALUES ('45', '주식회사 오성최 카페', '서울특별시 서대문구 도화동', 'https://placekitten.com/608/328', '7');
INSERT INTO restaurant (Res_ID, Res_name, Res_address, Res_img_url, Category_ID) VALUES ('46', '안박 한식당', '서울특별시 서대문구 염리동', 'https://dummyimage.com/994x928', '4');
INSERT INTO restaurant (Res_ID, Res_name, Res_address, Res_img_url, Category_ID) VALUES ('47', '주식회사 문김고 일식당', '서울특별시 서대문구 신촌동', 'https://dummyimage.com/771x957', '5');
INSERT INTO restaurant (Res_ID, Res_name, Res_address, Res_img_url, Category_ID) VALUES ('48', '김허 일식당', '서울특별시 서대문구 용강동', 'https://picsum.photos/315/548', '5');
INSERT INTO restaurant (Res_ID, Res_name, Res_address, Res_img_url, Category_ID) VALUES ('49', '김김우 일식당', '서울특별시 서대문구 성산동', 'https://picsum.photos/302/623', '5');
INSERT INTO restaurant (Res_ID, Res_name, Res_address, Res_img_url, Category_ID) VALUES ('50', '(주) 김 피자', '서울특별시 마포구 상암동', 'https://placekitten.com/606/645', '6');
INSERT INTO restaurant (Res_ID, Res_name, Res_address, Res_img_url, Category_ID) VALUES ('51', '우고 분식', '서울특별시 서대문구 용강동', 'https://dummyimage.com/812x754', '1');
INSERT INTO restaurant (Res_ID, Res_name, Res_address, Res_img_url, Category_ID) VALUES ('52', '주식회사 김 일식당', '서울특별시 서대문구 아현동', 'https://placekitten.com/363/616', '5');
INSERT INTO restaurant (Res_ID, Res_name, Res_address, Res_img_url, Category_ID) VALUES ('53', '유한회사 류 한식당', '서울특별시 서대문구 염리동', 'https://dummyimage.com/280x381', '4');
INSERT INTO restaurant (Res_ID, Res_name, Res_address, Res_img_url, Category_ID) VALUES ('54', '유한회사 최 피자', '서울특별시 마포구 서강동', 'https://placekitten.com/770/897', '6');
INSERT INTO restaurant (Res_ID, Res_name, Res_address, Res_img_url, Category_ID) VALUES ('55', '(주) 민 일식당', '서울특별시 마포구 아현동', 'https://dummyimage.com/164x505', '5');
INSERT INTO restaurant (Res_ID, Res_name, Res_address, Res_img_url, Category_ID) VALUES ('56', '주식회사 최 중식당', '서울특별시 마포구 충현동', 'https://placekitten.com/107/247', '2');
INSERT INTO restaurant (Res_ID, Res_name, Res_address, Res_img_url, Category_ID) VALUES ('57', '강이 카페', '서울특별시 서대문구 연남동', 'https://dummyimage.com/116x1', '7');
INSERT INTO restaurant (Res_ID, Res_name, Res_address, Res_img_url, Category_ID) VALUES ('58', '이박박 일식당', '서울특별시 서대문구 북아현동', 'https://placekitten.com/963/715', '5');
INSERT INTO restaurant (Res_ID, Res_name, Res_address, Res_img_url, Category_ID) VALUES ('59', '이김 중식당', '서울특별시 서대문구 서강동', 'https://placekitten.com/521/512', '2');
INSERT INTO restaurant (Res_ID, Res_name, Res_address, Res_img_url, Category_ID) VALUES ('60', '문최박 일식당', '서울특별시 마포구 공덕동', 'https://dummyimage.com/795x300', '5');
INSERT INTO restaurant (Res_ID, Res_name, Res_address, Res_img_url, Category_ID) VALUES ('61', '(유) 이이이 피자', '서울특별시 서대문구 망원동', 'https://dummyimage.com/489x464', '6');
INSERT INTO restaurant (Res_ID, Res_name, Res_address, Res_img_url, Category_ID) VALUES ('62', '(주) 김 중식당', '서울특별시 마포구 염리동', 'https://picsum.photos/585/479', '2');
INSERT INTO restaurant (Res_ID, Res_name, Res_address, Res_img_url, Category_ID) VALUES ('63', '유한회사 이 한식당', '서울특별시 서대문구 염리동', 'https://placekitten.com/887/736', '4');
INSERT INTO restaurant (Res_ID, Res_name, Res_address, Res_img_url, Category_ID) VALUES ('64', '(유) 최 카페', '서울특별시 서대문구 용강동', 'https://picsum.photos/621/634', '7');
INSERT INTO restaurant (Res_ID, Res_name, Res_address, Res_img_url, Category_ID) VALUES ('65', '박김 양식당', '서울특별시 서대문구 공덕동', 'https://dummyimage.com/645x276', '3');
INSERT INTO restaurant (Res_ID, Res_name, Res_address, Res_img_url, Category_ID) VALUES ('66', '주식회사 이손박 피자', '서울특별시 서대문구 신촌동', 'https://placekitten.com/298/96', '6');
INSERT INTO restaurant (Res_ID, Res_name, Res_address, Res_img_url, Category_ID) VALUES ('67', '김구 양식당', '서울특별시 마포구 신촌동', 'https://dummyimage.com/145x994', '3');
INSERT INTO restaurant (Res_ID, Res_name, Res_address, Res_img_url, Category_ID) VALUES ('68', '(주) 조이김 일식당', '서울특별시 마포구 공덕동', 'https://dummyimage.com/992x713', '5');
INSERT INTO restaurant (Res_ID, Res_name, Res_address, Res_img_url, Category_ID) VALUES ('69', '윤김 카페', '서울특별시 마포구 합정동', 'https://placekitten.com/258/633', '7');
INSERT INTO restaurant (Res_ID, Res_name, Res_address, Res_img_url, Category_ID) VALUES ('70', '(주) 김 한식당', '서울특별시 서대문구 아현동', 'https://placekitten.com/961/896', '4');
INSERT INTO restaurant (Res_ID, Res_name, Res_address, Res_img_url, Category_ID) VALUES ('71', '노문 카페', '서울특별시 마포구 염리동', 'https://dummyimage.com/44x620', '7');
INSERT INTO restaurant (Res_ID, Res_name, Res_address, Res_img_url, Category_ID) VALUES ('72', '(유) 이박박 카페', '서울특별시 마포구 서강동', 'https://dummyimage.com/111x665', '7');
INSERT INTO restaurant (Res_ID, Res_name, Res_address, Res_img_url, Category_ID) VALUES ('73', '유한회사 박 피자', '서울특별시 서대문구 염리동', 'https://picsum.photos/371/820', '6');
INSERT INTO restaurant (Res_ID, Res_name, Res_address, Res_img_url, Category_ID) VALUES ('74', '주식회사 진 피자', '서울특별시 마포구 상암동', 'https://dummyimage.com/335x352', '6');
INSERT INTO restaurant (Res_ID, Res_name, Res_address, Res_img_url, Category_ID) VALUES ('75', '유한회사 김 양식당', '서울특별시 서대문구 용강동', 'https://picsum.photos/414/930', '3');
INSERT INTO restaurant (Res_ID, Res_name, Res_address, Res_img_url, Category_ID) VALUES ('76', '(유) 김노김 피자', '서울특별시 서대문구 망원동', 'https://picsum.photos/73/945', '6');
INSERT INTO restaurant (Res_ID, Res_name, Res_address, Res_img_url, Category_ID) VALUES ('77', '이전 피자', '서울특별시 마포구 아현동', 'https://dummyimage.com/364x773', '6');
INSERT INTO restaurant (Res_ID, Res_name, Res_address, Res_img_url, Category_ID) VALUES ('78', '(주) 박 중식당', '서울특별시 서대문구 염리동', 'https://dummyimage.com/685x12', '2');
INSERT INTO restaurant (Res_ID, Res_name, Res_address, Res_img_url, Category_ID) VALUES ('79', '이이 피자', '서울특별시 마포구 성산동', 'https://dummyimage.com/559x399', '6');
INSERT INTO restaurant (Res_ID, Res_name, Res_address, Res_img_url, Category_ID) VALUES ('80', '김박진 일식당', '서울특별시 서대문구 도화동', 'https://placekitten.com/307/773', '5');
INSERT INTO restaurant (Res_ID, Res_name, Res_address, Res_img_url, Category_ID) VALUES ('81', '김김 중식당', '서울특별시 서대문구 연남동', 'https://picsum.photos/569/657', '2');
INSERT INTO restaurant (Res_ID, Res_name, Res_address, Res_img_url, Category_ID) VALUES ('82', '박최장 중식당', '서울특별시 서대문구 망원동', 'https://picsum.photos/368/177', '2');
INSERT INTO restaurant (Res_ID, Res_name, Res_address, Res_img_url, Category_ID) VALUES ('83', '(유) 황 피자', '서울특별시 서대문구 염리동', 'https://placekitten.com/885/372', '6');
INSERT INTO restaurant (Res_ID, Res_name, Res_address, Res_img_url, Category_ID) VALUES ('84', '(유) 김김류 일식당', '서울특별시 마포구 북아현동', 'https://dummyimage.com/161x261', '5');
INSERT INTO restaurant (Res_ID, Res_name, Res_address, Res_img_url, Category_ID) VALUES ('85', '유한회사 이강장 중식당', '서울특별시 마포구 상암동', 'https://placekitten.com/788/521', '2');
INSERT INTO restaurant (Res_ID, Res_name, Res_address, Res_img_url, Category_ID) VALUES ('86', '(주) 김 한식당', '서울특별시 서대문구 서교동', 'https://placekitten.com/214/104', '4');
INSERT INTO restaurant (Res_ID, Res_name, Res_address, Res_img_url, Category_ID) VALUES ('87', '남박 분식', '서울특별시 서대문구 신촌동', 'https://placekitten.com/378/188', '1');
INSERT INTO restaurant (Res_ID, Res_name, Res_address, Res_img_url, Category_ID) VALUES ('88', '(주) 백 카페', '서울특별시 마포구 도화동', 'https://placekitten.com/997/423', '7');
INSERT INTO restaurant (Res_ID, Res_name, Res_address, Res_img_url, Category_ID) VALUES ('89', '박이 일식당', '서울특별시 마포구 대흥동', 'https://dummyimage.com/49x974', '5');
INSERT INTO restaurant (Res_ID, Res_name, Res_address, Res_img_url, Category_ID) VALUES ('90', '이김이 양식당', '서울특별시 마포구 도화동', 'https://dummyimage.com/792x277', '3');
INSERT INTO restaurant (Res_ID, Res_name, Res_address, Res_img_url, Category_ID) VALUES ('91', '(유) 지 피자', '서울특별시 서대문구 북아현동', 'https://picsum.photos/426/781', '6');
INSERT INTO restaurant (Res_ID, Res_name, Res_address, Res_img_url, Category_ID) VALUES ('92', '유한회사 이 일식당', '서울특별시 마포구 아현동', 'https://picsum.photos/700/764', '5');
INSERT INTO restaurant (Res_ID, Res_name, Res_address, Res_img_url, Category_ID) VALUES ('93', '(유) 양최김 피자', '서울특별시 서대문구 성산동', 'https://placekitten.com/582/772', '6');
INSERT INTO restaurant (Res_ID, Res_name, Res_address, Res_img_url, Category_ID) VALUES ('94', '우고이 일식당', '서울특별시 마포구 염리동', 'https://placekitten.com/465/257', '5');
INSERT INTO restaurant (Res_ID, Res_name, Res_address, Res_img_url, Category_ID) VALUES ('95', '유한회사 한손심 일식당', '서울특별시 서대문구 아현동', 'https://placekitten.com/554/429', '5');
INSERT INTO restaurant (Res_ID, Res_name, Res_address, Res_img_url, Category_ID) VALUES ('96', '유한회사 이황이 카페', '서울특별시 서대문구 서교동', 'https://placekitten.com/792/763', '7');
INSERT INTO restaurant (Res_ID, Res_name, Res_address, Res_img_url, Category_ID) VALUES ('97', '주식회사 이 중식당', '서울특별시 서대문구 성산동', 'https://picsum.photos/265/810', '2');
INSERT INTO restaurant (Res_ID, Res_name, Res_address, Res_img_url, Category_ID) VALUES ('98', '(유) 안김노 카페', '서울특별시 서대문구 서강동', 'https://dummyimage.com/549x412', '7');
INSERT INTO restaurant (Res_ID, Res_name, Res_address, Res_img_url, Category_ID) VALUES ('99', '(유) 서고최 양식당', '서울특별시 마포구 염리동', 'https://picsum.photos/921/297', '3');
INSERT INTO restaurant (Res_ID, Res_name, Res_address, Res_img_url, Category_ID) VALUES ('100', '이한김 분식', '서울특별시 마포구 공덕동', 'https://dummyimage.com/519x558', '1');

INSERT INTO `bookmark` (`User_ID`, `Res_ID`) VALUES
('1', 1),
('1', 4),
('1', 5),
('1', 6),
('1', 7),
('1', 10),
('1', 11),
('1', 99),
('1', 100),
('10', 4),
('2', 2),
('2', 3),
('3', 2),
('5', 1),
('5', 2),
('5', 7),
('6', 1),
('7', 3);

INSERT INTO res_menu (Res_menu_ID, Res_menu_name, Res_ID, Res_menu_price) VALUES ('1', '탕수육', '20', '3000');
INSERT INTO res_menu (Res_menu_ID, Res_menu_name, Res_ID, Res_menu_price) VALUES ('2', '스테이크', '34', '30000');
INSERT INTO res_menu (Res_menu_ID, Res_menu_name, Res_ID, Res_menu_price) VALUES ('3', '크림파스타', '65', '19000');
INSERT INTO res_menu (Res_menu_ID, Res_menu_name, Res_ID, Res_menu_price) VALUES ('4', '말차라떼', '96', '23000');
INSERT INTO res_menu (Res_menu_ID, Res_menu_name, Res_ID, Res_menu_price) VALUES ('5', '로제파스타', '42', '18000');
INSERT INTO res_menu (Res_menu_ID, Res_menu_name, Res_ID, Res_menu_price) VALUES ('6', '사케동', '92', '6000');
INSERT INTO res_menu (Res_menu_ID, Res_menu_name, Res_ID, Res_menu_price) VALUES ('7', '마카롱', '45', '37000');
INSERT INTO res_menu (Res_menu_ID, Res_menu_name, Res_ID, Res_menu_price) VALUES ('8', '김치찌개', '23', '17000');
INSERT INTO res_menu (Res_menu_ID, Res_menu_name, Res_ID, Res_menu_price) VALUES ('9', '나베', '55', '15000');
INSERT INTO res_menu (Res_menu_ID, Res_menu_name, Res_ID, Res_menu_price) VALUES ('10', '치즈피자', '30', '32000');
INSERT INTO res_menu (Res_menu_ID, Res_menu_name, Res_ID, Res_menu_price) VALUES ('11', '치즈피자', '4', '37000');
INSERT INTO res_menu (Res_menu_ID, Res_menu_name, Res_ID, Res_menu_price) VALUES ('12', '나베', '32', '13000');
INSERT INTO res_menu (Res_menu_ID, Res_menu_name, Res_ID, Res_menu_price) VALUES ('13', '페페로니피자', '38', '8000');
INSERT INTO res_menu (Res_menu_ID, Res_menu_name, Res_ID, Res_menu_price) VALUES ('14', '일본식카레', '89', '19000');
INSERT INTO res_menu (Res_menu_ID, Res_menu_name, Res_ID, Res_menu_price) VALUES ('15', '말차라떼', '26', '39000');
INSERT INTO res_menu (Res_menu_ID, Res_menu_name, Res_ID, Res_menu_price) VALUES ('16', '토마토파스타', '16', '34000');
INSERT INTO res_menu (Res_menu_ID, Res_menu_name, Res_ID, Res_menu_price) VALUES ('17', '짬뽕', '78', '24000');
INSERT INTO res_menu (Res_menu_ID, Res_menu_name, Res_ID, Res_menu_price) VALUES ('18', '하와이안 피자', '24', '3000');
INSERT INTO res_menu (Res_menu_ID, Res_menu_name, Res_ID, Res_menu_price) VALUES ('19', '스시', '55', '18000');
INSERT INTO res_menu (Res_menu_ID, Res_menu_name, Res_ID, Res_menu_price) VALUES ('20', '짜장면', '56', '24000');
INSERT INTO res_menu (Res_menu_ID, Res_menu_name, Res_ID, Res_menu_price) VALUES ('21', '짜장면', '1', '33000');
INSERT INTO res_menu (Res_menu_ID, Res_menu_name, Res_ID, Res_menu_price) VALUES ('22', '탕수육', '56', '20000');
INSERT INTO res_menu (Res_menu_ID, Res_menu_name, Res_ID, Res_menu_price) VALUES ('23', '로제파스타', '7', '38000');
INSERT INTO res_menu (Res_menu_ID, Res_menu_name, Res_ID, Res_menu_price) VALUES ('24', '스테이크', '34', '11000');
INSERT INTO res_menu (Res_menu_ID, Res_menu_name, Res_ID, Res_menu_price) VALUES ('25', '카페라떼', '96', '11000');
INSERT INTO res_menu (Res_menu_ID, Res_menu_name, Res_ID, Res_menu_price) VALUES ('26', '사케동', '47', '16000');
INSERT INTO res_menu (Res_menu_ID, Res_menu_name, Res_ID, Res_menu_price) VALUES ('27', '리조또', '90', '12000');
INSERT INTO res_menu (Res_menu_ID, Res_menu_name, Res_ID, Res_menu_price) VALUES ('28', '사케동', '60', '8000');
INSERT INTO res_menu (Res_menu_ID, Res_menu_name, Res_ID, Res_menu_price) VALUES ('29', '아메리카노', '88', '21000');
INSERT INTO res_menu (Res_menu_ID, Res_menu_name, Res_ID, Res_menu_price) VALUES ('30', '스시', '92', '30000');
INSERT INTO res_menu (Res_menu_ID, Res_menu_name, Res_ID, Res_menu_price) VALUES ('31', '삼겹살', '86', '21000');
INSERT INTO res_menu (Res_menu_ID, Res_menu_name, Res_ID, Res_menu_price) VALUES ('32', '카페라떼', '96', '34000');
INSERT INTO res_menu (Res_menu_ID, Res_menu_name, Res_ID, Res_menu_price) VALUES ('33', '페페로니피자', '66', '6000');
INSERT INTO res_menu (Res_menu_ID, Res_menu_name, Res_ID, Res_menu_price) VALUES ('34', '탕수육', '1', '31000');
INSERT INTO res_menu (Res_menu_ID, Res_menu_name, Res_ID, Res_menu_price) VALUES ('35', '나베', '68', '25000');
INSERT INTO res_menu (Res_menu_ID, Res_menu_name, Res_ID, Res_menu_price) VALUES ('36', '볶음밥', '51', '26000');
INSERT INTO res_menu (Res_menu_ID, Res_menu_name, Res_ID, Res_menu_price) VALUES ('37', '순대', '87', '39000');
INSERT INTO res_menu (Res_menu_ID, Res_menu_name, Res_ID, Res_menu_price) VALUES ('38', '나베', '84', '21000');
INSERT INTO res_menu (Res_menu_ID, Res_menu_name, Res_ID, Res_menu_price) VALUES ('39', '브라우니', '69', '20000');
INSERT INTO res_menu (Res_menu_ID, Res_menu_name, Res_ID, Res_menu_price) VALUES ('40', '라면', '86', '9000');
INSERT INTO res_menu (Res_menu_ID, Res_menu_name, Res_ID, Res_menu_price) VALUES ('41', '김치찌개', '23', '31000');
INSERT INTO res_menu (Res_menu_ID, Res_menu_name, Res_ID, Res_menu_price) VALUES ('42', '갈비', '86', '12000');
INSERT INTO res_menu (Res_menu_ID, Res_menu_name, Res_ID, Res_menu_price) VALUES ('43', '백짬뽕', '85', '12000');
INSERT INTO res_menu (Res_menu_ID, Res_menu_name, Res_ID, Res_menu_price) VALUES ('44', '로제파스타', '7', '34000');
INSERT INTO res_menu (Res_menu_ID, Res_menu_name, Res_ID, Res_menu_price) VALUES ('45', '갈비', '5', '4000');
INSERT INTO res_menu (Res_menu_ID, Res_menu_name, Res_ID, Res_menu_price) VALUES ('46', '로제파스타', '17', '35000');
INSERT INTO res_menu (Res_menu_ID, Res_menu_name, Res_ID, Res_menu_price) VALUES ('47', '페페로니피자', '77', '33000');
INSERT INTO res_menu (Res_menu_ID, Res_menu_name, Res_ID, Res_menu_price) VALUES ('48', '치즈피자', '37', '29000');
INSERT INTO res_menu (Res_menu_ID, Res_menu_name, Res_ID, Res_menu_price) VALUES ('49', '고르곤졸라', '30', '33000');
INSERT INTO res_menu (Res_menu_ID, Res_menu_name, Res_ID, Res_menu_price) VALUES ('50', '마카롱', '64', '35000');
INSERT INTO res_menu (Res_menu_ID, Res_menu_name, Res_ID, Res_menu_price) VALUES ('51', '짬뽕밥', '97', '33000');
INSERT INTO res_menu (Res_menu_ID, Res_menu_name, Res_ID, Res_menu_price) VALUES ('52', '탕수육', '78', '25000');
INSERT INTO res_menu (Res_menu_ID, Res_menu_name, Res_ID, Res_menu_price) VALUES ('53', '냉면', '23', '21000');
INSERT INTO res_menu (Res_menu_ID, Res_menu_name, Res_ID, Res_menu_price) VALUES ('54', '양장피', '31', '18000');
INSERT INTO res_menu (Res_menu_ID, Res_menu_name, Res_ID, Res_menu_price) VALUES ('55', '마카롱', '71', '37000');
INSERT INTO res_menu (Res_menu_ID, Res_menu_name, Res_ID, Res_menu_price) VALUES ('56', '스시', '47', '39000');
INSERT INTO res_menu (Res_menu_ID, Res_menu_name, Res_ID, Res_menu_price) VALUES ('57', '로제파스타', '42', '17000');
INSERT INTO res_menu (Res_menu_ID, Res_menu_name, Res_ID, Res_menu_price) VALUES ('58', '돈까스', '3', '14000');
INSERT INTO res_menu (Res_menu_ID, Res_menu_name, Res_ID, Res_menu_price) VALUES ('59', '김치찌개', '53', '15000');
INSERT INTO res_menu (Res_menu_ID, Res_menu_name, Res_ID, Res_menu_price) VALUES ('60', '로제파스타', '43', '29000');
INSERT INTO res_menu (Res_menu_ID, Res_menu_name, Res_ID, Res_menu_price) VALUES ('61', '사케동', '68', '17000');
INSERT INTO res_menu (Res_menu_ID, Res_menu_name, Res_ID, Res_menu_price) VALUES ('62', '토마토파스타', '44', '13000');
INSERT INTO res_menu (Res_menu_ID, Res_menu_name, Res_ID, Res_menu_price) VALUES ('63', '삼겹살', '63', '36000');
INSERT INTO res_menu (Res_menu_ID, Res_menu_name, Res_ID, Res_menu_price) VALUES ('64', '고르곤졸라', '61', '26000');
INSERT INTO res_menu (Res_menu_ID, Res_menu_name, Res_ID, Res_menu_price) VALUES ('65', '하와이안 피자', '79', '35000');
INSERT INTO res_menu (Res_menu_ID, Res_menu_name, Res_ID, Res_menu_price) VALUES ('66', '일본식카레', '47', '12000');
INSERT INTO res_menu (Res_menu_ID, Res_menu_name, Res_ID, Res_menu_price) VALUES ('67', '사케동', '21', '10000');
INSERT INTO res_menu (Res_menu_ID, Res_menu_name, Res_ID, Res_menu_price) VALUES ('68', '탕수육', '31', '14000');
INSERT INTO res_menu (Res_menu_ID, Res_menu_name, Res_ID, Res_menu_price) VALUES ('69', '탕수육', '62', '36000');
INSERT INTO res_menu (Res_menu_ID, Res_menu_name, Res_ID, Res_menu_price) VALUES ('70', '오뎅', '12', '20000');
INSERT INTO res_menu (Res_menu_ID, Res_menu_name, Res_ID, Res_menu_price) VALUES ('71', '사케동', '48', '26000');
INSERT INTO res_menu (Res_menu_ID, Res_menu_name, Res_ID, Res_menu_price) VALUES ('72', '스테이크', '75', '9000');
INSERT INTO res_menu (Res_menu_ID, Res_menu_name, Res_ID, Res_menu_price) VALUES ('73', '라면', '23', '14000');
INSERT INTO res_menu (Res_menu_ID, Res_menu_name, Res_ID, Res_menu_price) VALUES ('74', '일본식카레', '47', '4000');
INSERT INTO res_menu (Res_menu_ID, Res_menu_name, Res_ID, Res_menu_price) VALUES ('75', '짬뽕밥', '20', '10000');
INSERT INTO res_menu (Res_menu_ID, Res_menu_name, Res_ID, Res_menu_price) VALUES ('76', '일본식카레', '92', '28000');
INSERT INTO res_menu (Res_menu_ID, Res_menu_name, Res_ID, Res_menu_price) VALUES ('77', '스시', '94', '38000');
INSERT INTO res_menu (Res_menu_ID, Res_menu_name, Res_ID, Res_menu_price) VALUES ('78', '오뎅', '3', '9000');
INSERT INTO res_menu (Res_menu_ID, Res_menu_name, Res_ID, Res_menu_price) VALUES ('79', '나베', '49', '34000');
INSERT INTO res_menu (Res_menu_ID, Res_menu_name, Res_ID, Res_menu_price) VALUES ('80', '토마토파스타', '19', '21000');
INSERT INTO res_menu (Res_menu_ID, Res_menu_name, Res_ID, Res_menu_price) VALUES ('81', '짜장면', '31', '25000');
INSERT INTO res_menu (Res_menu_ID, Res_menu_name, Res_ID, Res_menu_price) VALUES ('82', '크림파스타', '43', '26000');
INSERT INTO res_menu (Res_menu_ID, Res_menu_name, Res_ID, Res_menu_price) VALUES ('83', '치즈피자', '93', '32000');
INSERT INTO res_menu (Res_menu_ID, Res_menu_name, Res_ID, Res_menu_price) VALUES ('84', '페페로니피자', '4', '19000');
INSERT INTO res_menu (Res_menu_ID, Res_menu_name, Res_ID, Res_menu_price) VALUES ('85', '비빔밥', '6', '4000');
INSERT INTO res_menu (Res_menu_ID, Res_menu_name, Res_ID, Res_menu_price) VALUES ('86', '탕수육', '1', '26000');
INSERT INTO res_menu (Res_menu_ID, Res_menu_name, Res_ID, Res_menu_price) VALUES ('87', '라멘', '58', '35000');
INSERT INTO res_menu (Res_menu_ID, Res_menu_name, Res_ID, Res_menu_price) VALUES ('88', '일본식카레', '94', '10000');
INSERT INTO res_menu (Res_menu_ID, Res_menu_name, Res_ID, Res_menu_price) VALUES ('89', '크림파스타', '10', '14000');
INSERT INTO res_menu (Res_menu_ID, Res_menu_name, Res_ID, Res_menu_price) VALUES ('90', '리조또', '16', '35000');
INSERT INTO res_menu (Res_menu_ID, Res_menu_name, Res_ID, Res_menu_price) VALUES ('91', '딸기라떼', '57', '3000');
INSERT INTO res_menu (Res_menu_ID, Res_menu_name, Res_ID, Res_menu_price) VALUES ('92', '페페로니피자', '50', '21000');
INSERT INTO res_menu (Res_menu_ID, Res_menu_name, Res_ID, Res_menu_price) VALUES ('93', '김치찌개', '53', '29000');
INSERT INTO res_menu (Res_menu_ID, Res_menu_name, Res_ID, Res_menu_price) VALUES ('94', '브라우니', '98', '33000');
INSERT INTO res_menu (Res_menu_ID, Res_menu_name, Res_ID, Res_menu_price) VALUES ('95', '된장찌개', '23', '32000');
INSERT INTO res_menu (Res_menu_ID, Res_menu_name, Res_ID, Res_menu_price) VALUES ('96', '페페로니피자', '73', '4000');
INSERT INTO res_menu (Res_menu_ID, Res_menu_name, Res_ID, Res_menu_price) VALUES ('97', '라멘', '55', '4000');
INSERT INTO res_menu (Res_menu_ID, Res_menu_name, Res_ID, Res_menu_price) VALUES ('98', '고르곤졸라', '4', '36000');
INSERT INTO res_menu (Res_menu_ID, Res_menu_name, Res_ID, Res_menu_price) VALUES ('99', '치즈피자', '38', '18000');
INSERT INTO res_menu (Res_menu_ID, Res_menu_name, Res_ID, Res_menu_price) VALUES ('100', '탕수육', '1', '9000');
INSERT INTO res_menu (Res_menu_ID, Res_menu_name, Res_ID, Res_menu_price) VALUES ('101', '사케동', '80', '37000');
INSERT INTO res_menu (Res_menu_ID, Res_menu_name, Res_ID, Res_menu_price) VALUES ('102', '갈비', '6', '29000');
INSERT INTO res_menu (Res_menu_ID, Res_menu_name, Res_ID, Res_menu_price) VALUES ('103', '말차라떼', '98', '20000');
INSERT INTO res_menu (Res_menu_ID, Res_menu_name, Res_ID, Res_menu_price) VALUES ('104', '리조또', '7', '14000');
INSERT INTO res_menu (Res_menu_ID, Res_menu_name, Res_ID, Res_menu_price) VALUES ('105', '페페로니피자', '91', '28000');
INSERT INTO res_menu (Res_menu_ID, Res_menu_name, Res_ID, Res_menu_price) VALUES ('106', '비빔밥', '86', '9000');
INSERT INTO res_menu (Res_menu_ID, Res_menu_name, Res_ID, Res_menu_price) VALUES ('107', '스시', '89', '19000');
INSERT INTO res_menu (Res_menu_ID, Res_menu_name, Res_ID, Res_menu_price) VALUES ('108', '짬뽕밥', '82', '5000');
INSERT INTO res_menu (Res_menu_ID, Res_menu_name, Res_ID, Res_menu_price) VALUES ('109', '로제파스타', '67', '26000');
INSERT INTO res_menu (Res_menu_ID, Res_menu_name, Res_ID, Res_menu_price) VALUES ('110', '마카롱', '71', '28000');
INSERT INTO res_menu (Res_menu_ID, Res_menu_name, Res_ID, Res_menu_price) VALUES ('111', '사케동', '89', '14000');
INSERT INTO res_menu (Res_menu_ID, Res_menu_name, Res_ID, Res_menu_price) VALUES ('112', '사케동', '55', '36000');
INSERT INTO res_menu (Res_menu_ID, Res_menu_name, Res_ID, Res_menu_price) VALUES ('113', '사케동', '32', '19000');
INSERT INTO res_menu (Res_menu_ID, Res_menu_name, Res_ID, Res_menu_price) VALUES ('114', '짜장면', '1', '5000');
INSERT INTO res_menu (Res_menu_ID, Res_menu_name, Res_ID, Res_menu_price) VALUES ('115', '갈비', '53', '34000');
INSERT INTO res_menu (Res_menu_ID, Res_menu_name, Res_ID, Res_menu_price) VALUES ('116', '사케동', '47', '35000');
INSERT INTO res_menu (Res_menu_ID, Res_menu_name, Res_ID, Res_menu_price) VALUES ('117', '라멘', '60', '30000');
INSERT INTO res_menu (Res_menu_ID, Res_menu_name, Res_ID, Res_menu_price) VALUES ('118', '순대', '22', '36000');
INSERT INTO res_menu (Res_menu_ID, Res_menu_name, Res_ID, Res_menu_price) VALUES ('119', '스테이크', '40', '31000');
INSERT INTO res_menu (Res_menu_ID, Res_menu_name, Res_ID, Res_menu_price) VALUES ('120', '치즈피자', '30', '39000');
INSERT INTO res_menu (Res_menu_ID, Res_menu_name, Res_ID, Res_menu_price) VALUES ('121', '라면', '27', '21000');
INSERT INTO res_menu (Res_menu_ID, Res_menu_name, Res_ID, Res_menu_price) VALUES ('122', '오뎅', '41', '18000');
INSERT INTO res_menu (Res_menu_ID, Res_menu_name, Res_ID, Res_menu_price) VALUES ('123', '크림파스타', '17', '18000');
INSERT INTO res_menu (Res_menu_ID, Res_menu_name, Res_ID, Res_menu_price) VALUES ('124', '오뎅', '41', '5000');
INSERT INTO res_menu (Res_menu_ID, Res_menu_name, Res_ID, Res_menu_price) VALUES ('125', '고르곤졸라', '83', '34000');
INSERT INTO res_menu (Res_menu_ID, Res_menu_name, Res_ID, Res_menu_price) VALUES ('126', '스시', '89', '6000');
INSERT INTO res_menu (Res_menu_ID, Res_menu_name, Res_ID, Res_menu_price) VALUES ('127', '사케동', '94', '24000');
INSERT INTO res_menu (Res_menu_ID, Res_menu_name, Res_ID, Res_menu_price) VALUES ('128', '하와이안 피자', '83', '34000');
INSERT INTO res_menu (Res_menu_ID, Res_menu_name, Res_ID, Res_menu_price) VALUES ('129', '스시', '92', '26000');
INSERT INTO res_menu (Res_menu_ID, Res_menu_name, Res_ID, Res_menu_price) VALUES ('130', '스테이크', '36', '16000');
INSERT INTO res_menu (Res_menu_ID, Res_menu_name, Res_ID, Res_menu_price) VALUES ('131', '치즈피자', '30', '25000');
INSERT INTO res_menu (Res_menu_ID, Res_menu_name, Res_ID, Res_menu_price) VALUES ('132', '갈비', '46', '14000');
INSERT INTO res_menu (Res_menu_ID, Res_menu_name, Res_ID, Res_menu_price) VALUES ('133', '짬뽕밥', '20', '39000');
INSERT INTO res_menu (Res_menu_ID, Res_menu_name, Res_ID, Res_menu_price) VALUES ('134', '페페로니피자', '74', '26000');
INSERT INTO res_menu (Res_menu_ID, Res_menu_name, Res_ID, Res_menu_price) VALUES ('135', '김치찌개', '46', '34000');
INSERT INTO res_menu (Res_menu_ID, Res_menu_name, Res_ID, Res_menu_price) VALUES ('136', '크림파스타', '36', '11000');
INSERT INTO res_menu (Res_menu_ID, Res_menu_name, Res_ID, Res_menu_price) VALUES ('137', '냉면', '53', '13000');
INSERT INTO res_menu (Res_menu_ID, Res_menu_name, Res_ID, Res_menu_price) VALUES ('138', '라멘', '55', '15000');
INSERT INTO res_menu (Res_menu_ID, Res_menu_name, Res_ID, Res_menu_price) VALUES ('139', '페페로니피자', '61', '16000');
INSERT INTO res_menu (Res_menu_ID, Res_menu_name, Res_ID, Res_menu_price) VALUES ('140', '순대', '18', '32000');
INSERT INTO res_menu (Res_menu_ID, Res_menu_name, Res_ID, Res_menu_price) VALUES ('141', '탕수육', '85', '8000');
INSERT INTO res_menu (Res_menu_ID, Res_menu_name, Res_ID, Res_menu_price) VALUES ('142', '짜장면', '20', '16000');
INSERT INTO res_menu (Res_menu_ID, Res_menu_name, Res_ID, Res_menu_price) VALUES ('143', '크림파스타', '13', '16000');
INSERT INTO res_menu (Res_menu_ID, Res_menu_name, Res_ID, Res_menu_price) VALUES ('144', '아메리카노', '57', '18000');
INSERT INTO res_menu (Res_menu_ID, Res_menu_name, Res_ID, Res_menu_price) VALUES ('145', '탕수육', '85', '19000');
INSERT INTO res_menu (Res_menu_ID, Res_menu_name, Res_ID, Res_menu_price) VALUES ('146', '아메리카노', '98', '39000');
INSERT INTO res_menu (Res_menu_ID, Res_menu_name, Res_ID, Res_menu_price) VALUES ('147', '토마토파스타', '19', '16000');
INSERT INTO res_menu (Res_menu_ID, Res_menu_name, Res_ID, Res_menu_price) VALUES ('148', '일본식카레', '92', '25000');
INSERT INTO res_menu (Res_menu_ID, Res_menu_name, Res_ID, Res_menu_price) VALUES ('149', '하와이안 피자', '38', '24000');
INSERT INTO res_menu (Res_menu_ID, Res_menu_name, Res_ID, Res_menu_price) VALUES ('150', '짬뽕밥', '78', '28000');
INSERT INTO res_menu (Res_menu_ID, Res_menu_name, Res_ID, Res_menu_price) VALUES ('151', '삼겹살', '27', '27000');
INSERT INTO res_menu (Res_menu_ID, Res_menu_name, Res_ID, Res_menu_price) VALUES ('152', '크림파스타', '13', '18000');
INSERT INTO res_menu (Res_menu_ID, Res_menu_name, Res_ID, Res_menu_price) VALUES ('153', '로제파스타', '19', '39000');
INSERT INTO res_menu (Res_menu_ID, Res_menu_name, Res_ID, Res_menu_price) VALUES ('154', '짬뽕', '20', '23000');
INSERT INTO res_menu (Res_menu_ID, Res_menu_name, Res_ID, Res_menu_price) VALUES ('155', '라면', '6', '14000');
INSERT INTO res_menu (Res_menu_ID, Res_menu_name, Res_ID, Res_menu_price) VALUES ('156', '카페라떼', '69', '20000');
INSERT INTO res_menu (Res_menu_ID, Res_menu_name, Res_ID, Res_menu_price) VALUES ('157', '비빔밥', '86', '33000');
INSERT INTO res_menu (Res_menu_ID, Res_menu_name, Res_ID, Res_menu_price) VALUES ('158', '오뎅', '41', '6000');
INSERT INTO res_menu (Res_menu_ID, Res_menu_name, Res_ID, Res_menu_price) VALUES ('159', '짜장면', '56', '14000');
INSERT INTO res_menu (Res_menu_ID, Res_menu_name, Res_ID, Res_menu_price) VALUES ('160', '페페로니피자', '77', '36000');
INSERT INTO res_menu (Res_menu_ID, Res_menu_name, Res_ID, Res_menu_price) VALUES ('161', '페페로니피자', '76', '6000');
INSERT INTO res_menu (Res_menu_ID, Res_menu_name, Res_ID, Res_menu_price) VALUES ('162', '토마토파스타', '7', '38000');
INSERT INTO res_menu (Res_menu_ID, Res_menu_name, Res_ID, Res_menu_price) VALUES ('163', '딸기라떼', '72', '26000');
INSERT INTO res_menu (Res_menu_ID, Res_menu_name, Res_ID, Res_menu_price) VALUES ('164', '순대', '33', '18000');
INSERT INTO res_menu (Res_menu_ID, Res_menu_name, Res_ID, Res_menu_price) VALUES ('165', '크림파스타', '65', '18000');
INSERT INTO res_menu (Res_menu_ID, Res_menu_name, Res_ID, Res_menu_price) VALUES ('166', '나베', '95', '21000');
INSERT INTO res_menu (Res_menu_ID, Res_menu_name, Res_ID, Res_menu_price) VALUES ('167', '짬뽕밥', '20', '21000');
INSERT INTO res_menu (Res_menu_ID, Res_menu_name, Res_ID, Res_menu_price) VALUES ('168', '삼겹살', '46', '28000');
INSERT INTO res_menu (Res_menu_ID, Res_menu_name, Res_ID, Res_menu_price) VALUES ('169', '라멘', '68', '5000');
INSERT INTO res_menu (Res_menu_ID, Res_menu_name, Res_ID, Res_menu_price) VALUES ('170', '짬뽕', '81', '19000');
INSERT INTO res_menu (Res_menu_ID, Res_menu_name, Res_ID, Res_menu_price) VALUES ('171', '고르곤졸라', '8', '5000');
INSERT INTO res_menu (Res_menu_ID, Res_menu_name, Res_ID, Res_menu_price) VALUES ('172', '짜장면', '20', '20000');
INSERT INTO res_menu (Res_menu_ID, Res_menu_name, Res_ID, Res_menu_price) VALUES ('173', '김밥', '15', '31000');
INSERT INTO res_menu (Res_menu_ID, Res_menu_name, Res_ID, Res_menu_price) VALUES ('174', '크림파스타', '34', '27000');
INSERT INTO res_menu (Res_menu_ID, Res_menu_name, Res_ID, Res_menu_price) VALUES ('175', '사케동', '48', '15000');
INSERT INTO res_menu (Res_menu_ID, Res_menu_name, Res_ID, Res_menu_price) VALUES ('176', '페페로니피자', '38', '15000');
INSERT INTO res_menu (Res_menu_ID, Res_menu_name, Res_ID, Res_menu_price) VALUES ('177', '짬뽕', '39', '15000');
INSERT INTO res_menu (Res_menu_ID, Res_menu_name, Res_ID, Res_menu_price) VALUES ('178', '짜장면', '39', '20000');
INSERT INTO res_menu (Res_menu_ID, Res_menu_name, Res_ID, Res_menu_price) VALUES ('179', '스테이크', '34', '8000');
INSERT INTO res_menu (Res_menu_ID, Res_menu_name, Res_ID, Res_menu_price) VALUES ('180', '카페라떼', '71', '38000');
INSERT INTO res_menu (Res_menu_ID, Res_menu_name, Res_ID, Res_menu_price) VALUES ('181', '짬뽕밥', '56', '16000');
INSERT INTO res_menu (Res_menu_ID, Res_menu_name, Res_ID, Res_menu_price) VALUES ('182', '치즈피자', '24', '11000');
INSERT INTO res_menu (Res_menu_ID, Res_menu_name, Res_ID, Res_menu_price) VALUES ('183', '스테이크', '43', '17000');
INSERT INTO res_menu (Res_menu_ID, Res_menu_name, Res_ID, Res_menu_price) VALUES ('184', '페페로니피자', '8', '38000');
INSERT INTO res_menu (Res_menu_ID, Res_menu_name, Res_ID, Res_menu_price) VALUES ('185', '사케동', '95', '16000');
INSERT INTO res_menu (Res_menu_ID, Res_menu_name, Res_ID, Res_menu_price) VALUES ('186', '떡볶이', '41', '13000');
INSERT INTO res_menu (Res_menu_ID, Res_menu_name, Res_ID, Res_menu_price) VALUES ('187', '짜장면', '31', '31000');
INSERT INTO res_menu (Res_menu_ID, Res_menu_name, Res_ID, Res_menu_price) VALUES ('188', '토마토파스타', '35', '5000');
INSERT INTO res_menu (Res_menu_ID, Res_menu_name, Res_ID, Res_menu_price) VALUES ('189', '순대', '18', '33000');
INSERT INTO res_menu (Res_menu_ID, Res_menu_name, Res_ID, Res_menu_price) VALUES ('190', '나베', '60', '27000');
INSERT INTO res_menu (Res_menu_ID, Res_menu_name, Res_ID, Res_menu_price) VALUES ('191', '하와이안 피자', '76', '23000');
INSERT INTO res_menu (Res_menu_ID, Res_menu_name, Res_ID, Res_menu_price) VALUES ('192', '사케동', '52', '19000');
INSERT INTO res_menu (Res_menu_ID, Res_menu_name, Res_ID, Res_menu_price) VALUES ('193', '페페로니피자', '37', '7000');
INSERT INTO res_menu (Res_menu_ID, Res_menu_name, Res_ID, Res_menu_price) VALUES ('194', '비빔밥', '53', '33000');
INSERT INTO res_menu (Res_menu_ID, Res_menu_name, Res_ID, Res_menu_price) VALUES ('195', '오뎅', '18', '33000');
INSERT INTO res_menu (Res_menu_ID, Res_menu_name, Res_ID, Res_menu_price) VALUES ('196', '김밥', '51', '3000');
INSERT INTO res_menu (Res_menu_ID, Res_menu_name, Res_ID, Res_menu_price) VALUES ('197', '리조또', '10', '5000');
INSERT INTO res_menu (Res_menu_ID, Res_menu_name, Res_ID, Res_menu_price) VALUES ('198', '페페로니피자', '14', '25000');
INSERT INTO res_menu (Res_menu_ID, Res_menu_name, Res_ID, Res_menu_price) VALUES ('199', '라멘', '47', '22000');
INSERT INTO res_menu (Res_menu_ID, Res_menu_name, Res_ID, Res_menu_price) VALUES ('200', '나베', '94', '16000');
INSERT INTO res_menu (Res_menu_ID, Res_menu_name, Res_ID, Res_menu_price) VALUES ('201', '로제파스타', '34', '26000');
INSERT INTO res_menu (Res_menu_ID, Res_menu_name, Res_ID, Res_menu_price) VALUES ('202', '스시', '52', '25000');
INSERT INTO res_menu (Res_menu_ID, Res_menu_name, Res_ID, Res_menu_price) VALUES ('203', '치즈피자', '54', '31000');
INSERT INTO res_menu (Res_menu_ID, Res_menu_name, Res_ID, Res_menu_price) VALUES ('204', '토마토파스타', '13', '32000');
INSERT INTO res_menu (Res_menu_ID, Res_menu_name, Res_ID, Res_menu_price) VALUES ('205', '스시', '60', '17000');
INSERT INTO res_menu (Res_menu_ID, Res_menu_name, Res_ID, Res_menu_price) VALUES ('206', '일본식카레', '92', '29000');
INSERT INTO res_menu (Res_menu_ID, Res_menu_name, Res_ID, Res_menu_price) VALUES ('207', '토마토파스타', '75', '9000');
INSERT INTO res_menu (Res_menu_ID, Res_menu_name, Res_ID, Res_menu_price) VALUES ('208', '일본식카레', '95', '26000');
INSERT INTO res_menu (Res_menu_ID, Res_menu_name, Res_ID, Res_menu_price) VALUES ('209', '말차라떼', '57', '17000');
INSERT INTO res_menu (Res_menu_ID, Res_menu_name, Res_ID, Res_menu_price) VALUES ('210', '양장피', '78', '17000');
INSERT INTO res_menu (Res_menu_ID, Res_menu_name, Res_ID, Res_menu_price) VALUES ('211', '스테이크', '10', '9000');
INSERT INTO res_menu (Res_menu_ID, Res_menu_name, Res_ID, Res_menu_price) VALUES ('212', '일본식카레', '95', '6000');
INSERT INTO res_menu (Res_menu_ID, Res_menu_name, Res_ID, Res_menu_price) VALUES ('213', '리조또', '90', '19000');
INSERT INTO res_menu (Res_menu_ID, Res_menu_name, Res_ID, Res_menu_price) VALUES ('214', '라멘', '2', '15000');
INSERT INTO res_menu (Res_menu_ID, Res_menu_name, Res_ID, Res_menu_price) VALUES ('215', '사케동', '52', '6000');
INSERT INTO res_menu (Res_menu_ID, Res_menu_name, Res_ID, Res_menu_price) VALUES ('216', '나베', '80', '12000');
INSERT INTO res_menu (Res_menu_ID, Res_menu_name, Res_ID, Res_menu_price) VALUES ('217', '라멘', '95', '7000');
INSERT INTO res_menu (Res_menu_ID, Res_menu_name, Res_ID, Res_menu_price) VALUES ('218', '냉면', '6', '10000');
INSERT INTO res_menu (Res_menu_ID, Res_menu_name, Res_ID, Res_menu_price) VALUES ('219', '치즈케이크', '96', '5000');
INSERT INTO res_menu (Res_menu_ID, Res_menu_name, Res_ID, Res_menu_price) VALUES ('220', '크림파스타', '34', '22000');
INSERT INTO res_menu (Res_menu_ID, Res_menu_name, Res_ID, Res_menu_price) VALUES ('221', '짬뽕밥', '29', '31000');
INSERT INTO res_menu (Res_menu_ID, Res_menu_name, Res_ID, Res_menu_price) VALUES ('222', '짬뽕밥', '62', '27000');
INSERT INTO res_menu (Res_menu_ID, Res_menu_name, Res_ID, Res_menu_price) VALUES ('223', '리조또', '67', '28000');
INSERT INTO res_menu (Res_menu_ID, Res_menu_name, Res_ID, Res_menu_price) VALUES ('224', '탕수육', '1', '14000');
INSERT INTO res_menu (Res_menu_ID, Res_menu_name, Res_ID, Res_menu_price) VALUES ('225', '리조또', '40', '38000');
INSERT INTO res_menu (Res_menu_ID, Res_menu_name, Res_ID, Res_menu_price) VALUES ('226', '떡볶이', '12', '31000');
INSERT INTO res_menu (Res_menu_ID, Res_menu_name, Res_ID, Res_menu_price) VALUES ('227', '일본식카레', '47', '12000');
INSERT INTO res_menu (Res_menu_ID, Res_menu_name, Res_ID, Res_menu_price) VALUES ('228', '로제파스타', '75', '15000');
INSERT INTO res_menu (Res_menu_ID, Res_menu_name, Res_ID, Res_menu_price) VALUES ('229', '하와이안 피자', '77', '14000');
INSERT INTO res_menu (Res_menu_ID, Res_menu_name, Res_ID, Res_menu_price) VALUES ('230', '스테이크', '43', '33000');
INSERT INTO res_menu (Res_menu_ID, Res_menu_name, Res_ID, Res_menu_price) VALUES ('231', '리조또', '67', '38000');
INSERT INTO res_menu (Res_menu_ID, Res_menu_name, Res_ID, Res_menu_price) VALUES ('232', '나베', '84', '31000');
INSERT INTO res_menu (Res_menu_ID, Res_menu_name, Res_ID, Res_menu_price) VALUES ('233', '고르곤졸라', '30', '19000');
INSERT INTO res_menu (Res_menu_ID, Res_menu_name, Res_ID, Res_menu_price) VALUES ('234', '일본식카레', '95', '11000');
INSERT INTO res_menu (Res_menu_ID, Res_menu_name, Res_ID, Res_menu_price) VALUES ('235', '크림파스타', '34', '34000');
INSERT INTO res_menu (Res_menu_ID, Res_menu_name, Res_ID, Res_menu_price) VALUES ('236', '고르곤졸라', '8', '3000');
INSERT INTO res_menu (Res_menu_ID, Res_menu_name, Res_ID, Res_menu_price) VALUES ('237', '짬뽕', '97', '8000');
INSERT INTO res_menu (Res_menu_ID, Res_menu_name, Res_ID, Res_menu_price) VALUES ('238', '치즈피자', '8', '26000');
INSERT INTO res_menu (Res_menu_ID, Res_menu_name, Res_ID, Res_menu_price) VALUES ('239', '짬뽕밥', '85', '13000');
INSERT INTO res_menu (Res_menu_ID, Res_menu_name, Res_ID, Res_menu_price) VALUES ('240', '된장찌개', '23', '25000');
INSERT INTO res_menu (Res_menu_ID, Res_menu_name, Res_ID, Res_menu_price) VALUES ('241', '크림파스타', '19', '6000');
INSERT INTO res_menu (Res_menu_ID, Res_menu_name, Res_ID, Res_menu_price) VALUES ('242', '페페로니피자', '14', '17000');
INSERT INTO res_menu (Res_menu_ID, Res_menu_name, Res_ID, Res_menu_price) VALUES ('243', '사케동', '94', '25000');
INSERT INTO res_menu (Res_menu_ID, Res_menu_name, Res_ID, Res_menu_price) VALUES ('244', '짜장면', '97', '5000');
INSERT INTO res_menu (Res_menu_ID, Res_menu_name, Res_ID, Res_menu_price) VALUES ('245', '백짬뽕', '29', '19000');
INSERT INTO res_menu (Res_menu_ID, Res_menu_name, Res_ID, Res_menu_price) VALUES ('246', '페페로니피자', '50', '6000');
INSERT INTO res_menu (Res_menu_ID, Res_menu_name, Res_ID, Res_menu_price) VALUES ('247', '사케동', '58', '20000');
INSERT INTO res_menu (Res_menu_ID, Res_menu_name, Res_ID, Res_menu_price) VALUES ('248', '라면', '46', '15000');
INSERT INTO res_menu (Res_menu_ID, Res_menu_name, Res_ID, Res_menu_price) VALUES ('249', '짬뽕밥', '9', '39000');
INSERT INTO res_menu (Res_menu_ID, Res_menu_name, Res_ID, Res_menu_price) VALUES ('250', '아메리카노', '88', '13000');
INSERT INTO res_menu (Res_menu_ID, Res_menu_name, Res_ID, Res_menu_price) VALUES ('251', '로제파스타', '13', '39000');
INSERT INTO res_menu (Res_menu_ID, Res_menu_name, Res_ID, Res_menu_price) VALUES ('252', '페페로니피자', '74', '28000');
INSERT INTO res_menu (Res_menu_ID, Res_menu_name, Res_ID, Res_menu_price) VALUES ('253', '순대', '3', '19000');
INSERT INTO res_menu (Res_menu_ID, Res_menu_name, Res_ID, Res_menu_price) VALUES ('254', '하와이안 피자', '38', '38000');
INSERT INTO res_menu (Res_menu_ID, Res_menu_name, Res_ID, Res_menu_price) VALUES ('255', '오뎅', '18', '22000');
INSERT INTO res_menu (Res_menu_ID, Res_menu_name, Res_ID, Res_menu_price) VALUES ('256', '스테이크', '75', '36000');
INSERT INTO res_menu (Res_menu_ID, Res_menu_name, Res_ID, Res_menu_price) VALUES ('257', '고르곤졸라', '77', '28000');
INSERT INTO res_menu (Res_menu_ID, Res_menu_name, Res_ID, Res_menu_price) VALUES ('258', '페페로니피자', '38', '11000');
INSERT INTO res_menu (Res_menu_ID, Res_menu_name, Res_ID, Res_menu_price) VALUES ('259', '고르곤졸라', '14', '28000');
INSERT INTO res_menu (Res_menu_ID, Res_menu_name, Res_ID, Res_menu_price) VALUES ('260', '김밥', '18', '12000');
INSERT INTO res_menu (Res_menu_ID, Res_menu_name, Res_ID, Res_menu_price) VALUES ('261', '냉면', '27', '26000');
INSERT INTO res_menu (Res_menu_ID, Res_menu_name, Res_ID, Res_menu_price) VALUES ('262', '리조또', '65', '25000');
INSERT INTO res_menu (Res_menu_ID, Res_menu_name, Res_ID, Res_menu_price) VALUES ('263', '짬뽕', '1', '27000');
INSERT INTO res_menu (Res_menu_ID, Res_menu_name, Res_ID, Res_menu_price) VALUES ('264', '백짬뽕', '39', '17000');
INSERT INTO res_menu (Res_menu_ID, Res_menu_name, Res_ID, Res_menu_price) VALUES ('265', '나베', '32', '21000');
INSERT INTO res_menu (Res_menu_ID, Res_menu_name, Res_ID, Res_menu_price) VALUES ('266', '떡볶이', '18', '14000');
INSERT INTO res_menu (Res_menu_ID, Res_menu_name, Res_ID, Res_menu_price) VALUES ('267', '치즈피자', '50', '17000');
INSERT INTO res_menu (Res_menu_ID, Res_menu_name, Res_ID, Res_menu_price) VALUES ('268', '페페로니피자', '54', '37000');
INSERT INTO res_menu (Res_menu_ID, Res_menu_name, Res_ID, Res_menu_price) VALUES ('269', '라멘', '21', '33000');
INSERT INTO res_menu (Res_menu_ID, Res_menu_name, Res_ID, Res_menu_price) VALUES ('270', '하와이안 피자', '76', '12000');
INSERT INTO res_menu (Res_menu_ID, Res_menu_name, Res_ID, Res_menu_price) VALUES ('271', '치즈케이크', '71', '16000');
INSERT INTO res_menu (Res_menu_ID, Res_menu_name, Res_ID, Res_menu_price) VALUES ('272', '스테이크', '90', '30000');
INSERT INTO res_menu (Res_menu_ID, Res_menu_name, Res_ID, Res_menu_price) VALUES ('273', '탕수육', '78', '29000');
INSERT INTO res_menu (Res_menu_ID, Res_menu_name, Res_ID, Res_menu_price) VALUES ('274', '라멘', '95', '4000');
INSERT INTO res_menu (Res_menu_ID, Res_menu_name, Res_ID, Res_menu_price) VALUES ('275', '라면', '70', '34000');
INSERT INTO res_menu (Res_menu_ID, Res_menu_name, Res_ID, Res_menu_price) VALUES ('276', '고르곤졸라', '54', '31000');
INSERT INTO res_menu (Res_menu_ID, Res_menu_name, Res_ID, Res_menu_price) VALUES ('277', '치즈케이크', '64', '15000');
INSERT INTO res_menu (Res_menu_ID, Res_menu_name, Res_ID, Res_menu_price) VALUES ('278', '치즈피자', '93', '36000');
INSERT INTO res_menu (Res_menu_ID, Res_menu_name, Res_ID, Res_menu_price) VALUES ('279', '사케동', '89', '16000');
INSERT INTO res_menu (Res_menu_ID, Res_menu_name, Res_ID, Res_menu_price) VALUES ('280', '치즈케이크', '69', '12000');
INSERT INTO res_menu (Res_menu_ID, Res_menu_name, Res_ID, Res_menu_price) VALUES ('281', '고르곤졸라', '79', '28000');
INSERT INTO res_menu (Res_menu_ID, Res_menu_name, Res_ID, Res_menu_price) VALUES ('282', '크림파스타', '17', '38000');
INSERT INTO res_menu (Res_menu_ID, Res_menu_name, Res_ID, Res_menu_price) VALUES ('283', '토마토파스타', '13', '4000');
INSERT INTO res_menu (Res_menu_ID, Res_menu_name, Res_ID, Res_menu_price) VALUES ('284', '짜장면', '20', '24000');
INSERT INTO res_menu (Res_menu_ID, Res_menu_name, Res_ID, Res_menu_price) VALUES ('285', '돈까스', '15', '38000');
INSERT INTO res_menu (Res_menu_ID, Res_menu_name, Res_ID, Res_menu_price) VALUES ('286', '리조또', '36', '31000');
INSERT INTO res_menu (Res_menu_ID, Res_menu_name, Res_ID, Res_menu_price) VALUES ('287', '스테이크', '16', '14000');
INSERT INTO res_menu (Res_menu_ID, Res_menu_name, Res_ID, Res_menu_price) VALUES ('288', '크림파스타', '40', '14000');
INSERT INTO res_menu (Res_menu_ID, Res_menu_name, Res_ID, Res_menu_price) VALUES ('289', '일본식카레', '60', '38000');
INSERT INTO res_menu (Res_menu_ID, Res_menu_name, Res_ID, Res_menu_price) VALUES ('290', '스시', '55', '21000');
INSERT INTO res_menu (Res_menu_ID, Res_menu_name, Res_ID, Res_menu_price) VALUES ('291', '삼겹살', '53', '12000');
INSERT INTO res_menu (Res_menu_ID, Res_menu_name, Res_ID, Res_menu_price) VALUES ('292', '토마토파스타', '44', '36000');
INSERT INTO res_menu (Res_menu_ID, Res_menu_name, Res_ID, Res_menu_price) VALUES ('293', '짬뽕밥', '20', '11000');
INSERT INTO res_menu (Res_menu_ID, Res_menu_name, Res_ID, Res_menu_price) VALUES ('294', '양장피', '39', '13000');
INSERT INTO res_menu (Res_menu_ID, Res_menu_name, Res_ID, Res_menu_price) VALUES ('295', '하와이안 피자', '38', '33000');
INSERT INTO res_menu (Res_menu_ID, Res_menu_name, Res_ID, Res_menu_price) VALUES ('296', '하와이안 피자', '93', '24000');
INSERT INTO res_menu (Res_menu_ID, Res_menu_name, Res_ID, Res_menu_price) VALUES ('297', '비빔밥', '86', '7000');
INSERT INTO res_menu (Res_menu_ID, Res_menu_name, Res_ID, Res_menu_price) VALUES ('298', '토마토파스타', '19', '27000');
INSERT INTO res_menu (Res_menu_ID, Res_menu_name, Res_ID, Res_menu_price) VALUES ('299', '치즈피자', '91', '27000');
INSERT INTO res_menu (Res_menu_ID, Res_menu_name, Res_ID, Res_menu_price) VALUES ('300', '갈비', '27', '20000');

INSERT INTO menu_allergy (Res_menu_ID, Allergy_ID) VALUES (1, 9);
INSERT INTO menu_allergy (Res_menu_ID, Allergy_ID) VALUES (3, 1);
INSERT INTO menu_allergy (Res_menu_ID, Allergy_ID) VALUES (5, 1);
INSERT INTO menu_allergy (Res_menu_ID, Allergy_ID) VALUES (24, 10);
INSERT INTO menu_allergy (Res_menu_ID, Allergy_ID) VALUES (25, 1);

INSERT INTO res_review_item (Res_review_item_ID, Res_review_template) VALUES ('1', '별로예요');
INSERT INTO res_review_item (Res_review_item_ID, Res_review_template) VALUES ('2', '혼밥하기 좋아요');
INSERT INTO res_review_item (Res_review_item_ID, Res_review_template) VALUES ('3', '가성비가 좋아요');
INSERT INTO res_review_item (Res_review_item_ID, Res_review_template) VALUES ('4', '맛있어요');
INSERT INTO res_review_item (Res_review_item_ID, Res_review_template) VALUES ('5', '깔끔해요');
INSERT INTO res_review_item (Res_review_item_ID, Res_review_template) VALUES ('6', '카공하기 좋아요');

INSERT INTO res_rate (Res_ID, User_ID, Res_rating, Res_rating_date) VALUES ('1', '32', '4', '2022-09-16');
INSERT INTO res_rate (Res_ID, User_ID, Res_rating, Res_rating_date) VALUES ('2', '20', '5', '2022-04-23');
INSERT INTO res_rate (Res_ID, User_ID, Res_rating, Res_rating_date) VALUES ('2', '52', '1', '2022-07-19');
INSERT INTO res_rate (Res_ID, User_ID, Res_rating, Res_rating_date) VALUES ('3', '1', '5', '2022-06-17');
INSERT INTO res_rate (Res_ID, User_ID, Res_rating, Res_rating_date) VALUES ('3', '25', '5', '2022-05-11');
INSERT INTO res_rate (Res_ID, User_ID, Res_rating, Res_rating_date) VALUES ('3', '30', '1', '2022-01-30');
INSERT INTO res_rate (Res_ID, User_ID, Res_rating, Res_rating_date) VALUES ('3', '31', '4', '2023-03-18');
INSERT INTO res_rate (Res_ID, User_ID, Res_rating, Res_rating_date) VALUES ('3', '55', '1', '2023-02-28');
INSERT INTO res_rate (Res_ID, User_ID, Res_rating, Res_rating_date) VALUES ('3', '66', '5', '2022-07-23');
INSERT INTO res_rate (Res_ID, User_ID, Res_rating, Res_rating_date) VALUES ('3', '77', '3', '2023-03-08');
INSERT INTO res_rate (Res_ID, User_ID, Res_rating, Res_rating_date) VALUES ('4', '14', '3', '2023-02-20');
INSERT INTO res_rate (Res_ID, User_ID, Res_rating, Res_rating_date) VALUES ('4', '24', '2', '2023-01-01');
INSERT INTO res_rate (Res_ID, User_ID, Res_rating, Res_rating_date) VALUES ('4', '37', '1', '2022-05-24');
INSERT INTO res_rate (Res_ID, User_ID, Res_rating, Res_rating_date) VALUES ('4', '38', '1', '2023-04-22');
INSERT INTO res_rate (Res_ID, User_ID, Res_rating, Res_rating_date) VALUES ('4', '59', '2', '2022-06-01');
INSERT INTO res_rate (Res_ID, User_ID, Res_rating, Res_rating_date) VALUES ('4', '93', '2', '2022-02-09');
INSERT INTO res_rate (Res_ID, User_ID, Res_rating, Res_rating_date) VALUES ('5', '23', '5', '2023-03-05');
INSERT INTO res_rate (Res_ID, User_ID, Res_rating, Res_rating_date) VALUES ('5', '33', '1', '2022-12-26');
INSERT INTO res_rate (Res_ID, User_ID, Res_rating, Res_rating_date) VALUES ('5', '39', '2', '2023-03-03');
INSERT INTO res_rate (Res_ID, User_ID, Res_rating, Res_rating_date) VALUES ('6', '48', '3', '2022-05-13');
INSERT INTO res_rate (Res_ID, User_ID, Res_rating, Res_rating_date) VALUES ('8', '1', '4', '2022-07-30');
INSERT INTO res_rate (Res_ID, User_ID, Res_rating, Res_rating_date) VALUES ('8', '33', '1', '2023-10-21');
INSERT INTO res_rate (Res_ID, User_ID, Res_rating, Res_rating_date) VALUES ('8', '50', '3', '2022-07-22');
INSERT INTO res_rate (Res_ID, User_ID, Res_rating, Res_rating_date) VALUES ('8', '65', '3', '2023-10-26');
INSERT INTO res_rate (Res_ID, User_ID, Res_rating, Res_rating_date) VALUES ('8', '99', '3', '2022-06-20');
INSERT INTO res_rate (Res_ID, User_ID, Res_rating, Res_rating_date) VALUES ('9', '17', '1', '2023-06-18');
INSERT INTO res_rate (Res_ID, User_ID, Res_rating, Res_rating_date) VALUES ('9', '9', '1', '2022-03-30');
INSERT INTO res_rate (Res_ID, User_ID, Res_rating, Res_rating_date) VALUES ('10', '42', '2', '2022-04-01');
INSERT INTO res_rate (Res_ID, User_ID, Res_rating, Res_rating_date) VALUES ('10', '69', '1', '2022-02-07');
INSERT INTO res_rate (Res_ID, User_ID, Res_rating, Res_rating_date) VALUES ('10', '70', '4', '2022-10-04');
INSERT INTO res_rate (Res_ID, User_ID, Res_rating, Res_rating_date) VALUES ('10', '93', '1', '2022-04-03');
INSERT INTO res_rate (Res_ID, User_ID, Res_rating, Res_rating_date) VALUES ('10', '94', '2', '2022-02-25');
INSERT INTO res_rate (Res_ID, User_ID, Res_rating, Res_rating_date) VALUES ('11', '2', '4', '2022-08-21');
INSERT INTO res_rate (Res_ID, User_ID, Res_rating, Res_rating_date) VALUES ('12', '25', '4', '2022-08-18');
INSERT INTO res_rate (Res_ID, User_ID, Res_rating, Res_rating_date) VALUES ('12', '29', '5', '2022-06-23');
INSERT INTO res_rate (Res_ID, User_ID, Res_rating, Res_rating_date) VALUES ('12', '55', '3', '2023-08-08');
INSERT INTO res_rate (Res_ID, User_ID, Res_rating, Res_rating_date) VALUES ('12', '87', '2', '2023-03-14');
INSERT INTO res_rate (Res_ID, User_ID, Res_rating, Res_rating_date) VALUES ('15', '3', '3', '2022-11-23');
INSERT INTO res_rate (Res_ID, User_ID, Res_rating, Res_rating_date) VALUES ('15', '50', '5', '2022-09-29');
INSERT INTO res_rate (Res_ID, User_ID, Res_rating, Res_rating_date) VALUES ('16', '13', '1', '2023-08-31');
INSERT INTO res_rate (Res_ID, User_ID, Res_rating, Res_rating_date) VALUES ('16', '6', '3', '2023-03-03');
INSERT INTO res_rate (Res_ID, User_ID, Res_rating, Res_rating_date) VALUES ('16', '9', '3', '2023-08-12');
INSERT INTO res_rate (Res_ID, User_ID, Res_rating, Res_rating_date) VALUES ('16', '95', '3', '2023-08-03');
INSERT INTO res_rate (Res_ID, User_ID, Res_rating, Res_rating_date) VALUES ('16', '97', '4', '2023-10-07');
INSERT INTO res_rate (Res_ID, User_ID, Res_rating, Res_rating_date) VALUES ('17', '20', '5', '2022-12-27');
INSERT INTO res_rate (Res_ID, User_ID, Res_rating, Res_rating_date) VALUES ('17', '50', '5', '2023-05-12');
INSERT INTO res_rate (Res_ID, User_ID, Res_rating, Res_rating_date) VALUES ('17', '62', '4', '2023-07-14');
INSERT INTO res_rate (Res_ID, User_ID, Res_rating, Res_rating_date) VALUES ('17', '88', '1', '2023-07-15');
INSERT INTO res_rate (Res_ID, User_ID, Res_rating, Res_rating_date) VALUES ('17', '97', '1', '2023-05-06');
INSERT INTO res_rate (Res_ID, User_ID, Res_rating, Res_rating_date) VALUES ('18', '48', '3', '2022-05-10');
INSERT INTO res_rate (Res_ID, User_ID, Res_rating, Res_rating_date) VALUES ('18', '6', '3', '2022-08-13');
INSERT INTO res_rate (Res_ID, User_ID, Res_rating, Res_rating_date) VALUES ('18', '65', '3', '2022-01-08');
INSERT INTO res_rate (Res_ID, User_ID, Res_rating, Res_rating_date) VALUES ('18', '75', '1', '2023-07-24');
INSERT INTO res_rate (Res_ID, User_ID, Res_rating, Res_rating_date) VALUES ('18', '80', '2', '2023-03-06');
INSERT INTO res_rate (Res_ID, User_ID, Res_rating, Res_rating_date) VALUES ('18', '81', '3', '2023-09-18');
INSERT INTO res_rate (Res_ID, User_ID, Res_rating, Res_rating_date) VALUES ('19', '63', '5', '2022-12-17');
INSERT INTO res_rate (Res_ID, User_ID, Res_rating, Res_rating_date) VALUES ('19', '87', '5', '2023-03-23');
INSERT INTO res_rate (Res_ID, User_ID, Res_rating, Res_rating_date) VALUES ('20', '10', '1', '2022-09-03');
INSERT INTO res_rate (Res_ID, User_ID, Res_rating, Res_rating_date) VALUES ('21', '46', '5', '2022-11-23');
INSERT INTO res_rate (Res_ID, User_ID, Res_rating, Res_rating_date) VALUES ('21', '71', '1', '2022-12-03');
INSERT INTO res_rate (Res_ID, User_ID, Res_rating, Res_rating_date) VALUES ('22', '29', '2', '2023-02-15');
INSERT INTO res_rate (Res_ID, User_ID, Res_rating, Res_rating_date) VALUES ('22', '44', '1', '2022-07-16');
INSERT INTO res_rate (Res_ID, User_ID, Res_rating, Res_rating_date) VALUES ('22', '85', '3', '2022-02-15');
INSERT INTO res_rate (Res_ID, User_ID, Res_rating, Res_rating_date) VALUES ('23', '39', '2', '2022-03-30');
INSERT INTO res_rate (Res_ID, User_ID, Res_rating, Res_rating_date) VALUES ('23', '89', '2', '2023-03-22');
INSERT INTO res_rate (Res_ID, User_ID, Res_rating, Res_rating_date) VALUES ('23', '91', '4', '2022-07-07');
INSERT INTO res_rate (Res_ID, User_ID, Res_rating, Res_rating_date) VALUES ('24', '1', '1', '2022-08-14');
INSERT INTO res_rate (Res_ID, User_ID, Res_rating, Res_rating_date) VALUES ('24', '25', '2', '2023-05-03');
INSERT INTO res_rate (Res_ID, User_ID, Res_rating, Res_rating_date) VALUES ('25', '22', '1', '2023-03-06');
INSERT INTO res_rate (Res_ID, User_ID, Res_rating, Res_rating_date) VALUES ('25', '41', '1', '2022-05-12');
INSERT INTO res_rate (Res_ID, User_ID, Res_rating, Res_rating_date) VALUES ('25', '59', '2', '2022-10-23');
INSERT INTO res_rate (Res_ID, User_ID, Res_rating, Res_rating_date) VALUES ('25', '88', '1', '2022-07-18');
INSERT INTO res_rate (Res_ID, User_ID, Res_rating, Res_rating_date) VALUES ('26', '29', '5', '2022-11-19');
INSERT INTO res_rate (Res_ID, User_ID, Res_rating, Res_rating_date) VALUES ('26', '58', '2', '2023-07-16');
INSERT INTO res_rate (Res_ID, User_ID, Res_rating, Res_rating_date) VALUES ('26', '8', '3', '2023-10-19');
INSERT INTO res_rate (Res_ID, User_ID, Res_rating, Res_rating_date) VALUES ('26', '98', '3', '2023-04-02');
INSERT INTO res_rate (Res_ID, User_ID, Res_rating, Res_rating_date) VALUES ('27', '29', '2', '2023-01-13');
INSERT INTO res_rate (Res_ID, User_ID, Res_rating, Res_rating_date) VALUES ('27', '75', '5', '2022-02-28');
INSERT INTO res_rate (Res_ID, User_ID, Res_rating, Res_rating_date) VALUES ('27', '86', '5', '2022-05-01');
INSERT INTO res_rate (Res_ID, User_ID, Res_rating, Res_rating_date) VALUES ('27', '92', '4', '2023-03-17');
INSERT INTO res_rate (Res_ID, User_ID, Res_rating, Res_rating_date) VALUES ('27', '94', '3', '2022-12-26');
INSERT INTO res_rate (Res_ID, User_ID, Res_rating, Res_rating_date) VALUES ('29', '28', '2', '2023-03-30');
INSERT INTO res_rate (Res_ID, User_ID, Res_rating, Res_rating_date) VALUES ('29', '30', '3', '2022-09-11');
INSERT INTO res_rate (Res_ID, User_ID, Res_rating, Res_rating_date) VALUES ('29', '93', '4', '2022-03-24');
INSERT INTO res_rate (Res_ID, User_ID, Res_rating, Res_rating_date) VALUES ('30', '44', '4', '2022-02-07');
INSERT INTO res_rate (Res_ID, User_ID, Res_rating, Res_rating_date) VALUES ('30', '83', '1', '2023-10-18');
INSERT INTO res_rate (Res_ID, User_ID, Res_rating, Res_rating_date) VALUES ('31', '100', '4', '2022-06-22');
INSERT INTO res_rate (Res_ID, User_ID, Res_rating, Res_rating_date) VALUES ('31', '41', '2', '2023-04-11');
INSERT INTO res_rate (Res_ID, User_ID, Res_rating, Res_rating_date) VALUES ('31', '55', '3', '2022-05-01');
INSERT INTO res_rate (Res_ID, User_ID, Res_rating, Res_rating_date) VALUES ('31', '78', '5', '2022-02-18');
INSERT INTO res_rate (Res_ID, User_ID, Res_rating, Res_rating_date) VALUES ('31', '9', '4', '2022-06-05');
INSERT INTO res_rate (Res_ID, User_ID, Res_rating, Res_rating_date) VALUES ('32', '48', '1', '2022-03-04');
INSERT INTO res_rate (Res_ID, User_ID, Res_rating, Res_rating_date) VALUES ('32', '83', '1', '2022-02-07');
INSERT INTO res_rate (Res_ID, User_ID, Res_rating, Res_rating_date) VALUES ('33', '43', '4', '2022-07-15');
INSERT INTO res_rate (Res_ID, User_ID, Res_rating, Res_rating_date) VALUES ('33', '61', '5', '2022-09-15');
INSERT INTO res_rate (Res_ID, User_ID, Res_rating, Res_rating_date) VALUES ('34', '57', '2', '2022-01-15');
INSERT INTO res_rate (Res_ID, User_ID, Res_rating, Res_rating_date) VALUES ('34', '60', '3', '2023-03-16');
INSERT INTO res_rate (Res_ID, User_ID, Res_rating, Res_rating_date) VALUES ('35', '30', '2', '2022-10-09');
INSERT INTO res_rate (Res_ID, User_ID, Res_rating, Res_rating_date) VALUES ('35', '45', '1', '2022-12-05');
INSERT INTO res_rate (Res_ID, User_ID, Res_rating, Res_rating_date) VALUES ('36', '47', '1', '2023-01-25');
INSERT INTO res_rate (Res_ID, User_ID, Res_rating, Res_rating_date) VALUES ('36', '54', '3', '2022-04-23');
INSERT INTO res_rate (Res_ID, User_ID, Res_rating, Res_rating_date) VALUES ('36', '64', '5', '2023-02-25');
INSERT INTO res_rate (Res_ID, User_ID, Res_rating, Res_rating_date) VALUES ('36', '66', '3', '2023-07-03');
INSERT INTO res_rate (Res_ID, User_ID, Res_rating, Res_rating_date) VALUES ('36', '76', '1', '2022-01-31');
INSERT INTO res_rate (Res_ID, User_ID, Res_rating, Res_rating_date) VALUES ('36', '80', '1', '2022-05-03');
INSERT INTO res_rate (Res_ID, User_ID, Res_rating, Res_rating_date) VALUES ('36', '99', '2', '2023-04-11');
INSERT INTO res_rate (Res_ID, User_ID, Res_rating, Res_rating_date) VALUES ('37', '1', '1', '2022-04-19');
INSERT INTO res_rate (Res_ID, User_ID, Res_rating, Res_rating_date) VALUES ('37', '48', '5', '2022-10-26');
INSERT INTO res_rate (Res_ID, User_ID, Res_rating, Res_rating_date) VALUES ('37', '60', '4', '2023-04-01');
INSERT INTO res_rate (Res_ID, User_ID, Res_rating, Res_rating_date) VALUES ('37', '74', '1', '2022-11-28');
INSERT INTO res_rate (Res_ID, User_ID, Res_rating, Res_rating_date) VALUES ('37', '87', '5', '2023-10-17');
INSERT INTO res_rate (Res_ID, User_ID, Res_rating, Res_rating_date) VALUES ('38', '43', '2', '2023-07-23');
INSERT INTO res_rate (Res_ID, User_ID, Res_rating, Res_rating_date) VALUES ('39', '3', '1', '2023-05-28');
INSERT INTO res_rate (Res_ID, User_ID, Res_rating, Res_rating_date) VALUES ('39', '62', '1', '2022-10-21');
INSERT INTO res_rate (Res_ID, User_ID, Res_rating, Res_rating_date) VALUES ('39', '65', '5', '2022-03-23');
INSERT INTO res_rate (Res_ID, User_ID, Res_rating, Res_rating_date) VALUES ('39', '68', '2', '2023-09-18');
INSERT INTO res_rate (Res_ID, User_ID, Res_rating, Res_rating_date) VALUES ('40', '20', '4', '2023-06-21');
INSERT INTO res_rate (Res_ID, User_ID, Res_rating, Res_rating_date) VALUES ('40', '26', '3', '2023-07-29');
INSERT INTO res_rate (Res_ID, User_ID, Res_rating, Res_rating_date) VALUES ('40', '30', '4', '2023-09-24');
INSERT INTO res_rate (Res_ID, User_ID, Res_rating, Res_rating_date) VALUES ('40', '33', '1', '2023-03-22');
INSERT INTO res_rate (Res_ID, User_ID, Res_rating, Res_rating_date) VALUES ('40', '60', '2', '2022-03-17');
INSERT INTO res_rate (Res_ID, User_ID, Res_rating, Res_rating_date) VALUES ('40', '69', '4', '2023-08-01');
INSERT INTO res_rate (Res_ID, User_ID, Res_rating, Res_rating_date) VALUES ('41', '22', '2', '2022-10-19');
INSERT INTO res_rate (Res_ID, User_ID, Res_rating, Res_rating_date) VALUES ('41', '31', '1', '2022-12-15');
INSERT INTO res_rate (Res_ID, User_ID, Res_rating, Res_rating_date) VALUES ('41', '49', '2', '2023-10-17');
INSERT INTO res_rate (Res_ID, User_ID, Res_rating, Res_rating_date) VALUES ('41', '77', '3', '2022-02-05');
INSERT INTO res_rate (Res_ID, User_ID, Res_rating, Res_rating_date) VALUES ('42', '72', '4', '2022-03-23');
INSERT INTO res_rate (Res_ID, User_ID, Res_rating, Res_rating_date) VALUES ('42', '86', '5', '2022-10-29');
INSERT INTO res_rate (Res_ID, User_ID, Res_rating, Res_rating_date) VALUES ('43', '13', '4', '2023-05-14');
INSERT INTO res_rate (Res_ID, User_ID, Res_rating, Res_rating_date) VALUES ('43', '29', '3', '2022-10-12');
INSERT INTO res_rate (Res_ID, User_ID, Res_rating, Res_rating_date) VALUES ('43', '63', '2', '2023-05-29');
INSERT INTO res_rate (Res_ID, User_ID, Res_rating, Res_rating_date) VALUES ('43', '74', '3', '2022-09-11');
INSERT INTO res_rate (Res_ID, User_ID, Res_rating, Res_rating_date) VALUES ('44', '4', '2', '2023-09-30');
INSERT INTO res_rate (Res_ID, User_ID, Res_rating, Res_rating_date) VALUES ('44', '43', '3', '2023-10-24');
INSERT INTO res_rate (Res_ID, User_ID, Res_rating, Res_rating_date) VALUES ('44', '54', '5', '2022-03-02');
INSERT INTO res_rate (Res_ID, User_ID, Res_rating, Res_rating_date) VALUES ('44', '62', '1', '2023-09-27');
INSERT INTO res_rate (Res_ID, User_ID, Res_rating, Res_rating_date) VALUES ('45', '14', '5', '2023-11-05');
INSERT INTO res_rate (Res_ID, User_ID, Res_rating, Res_rating_date) VALUES ('45', '52', '5', '2023-04-01');
INSERT INTO res_rate (Res_ID, User_ID, Res_rating, Res_rating_date) VALUES ('46', '30', '4', '2022-04-17');
INSERT INTO res_rate (Res_ID, User_ID, Res_rating, Res_rating_date) VALUES ('46', '69', '1', '2023-08-14');
INSERT INTO res_rate (Res_ID, User_ID, Res_rating, Res_rating_date) VALUES ('47', '64', '3', '2022-10-22');
INSERT INTO res_rate (Res_ID, User_ID, Res_rating, Res_rating_date) VALUES ('47', '65', '2', '2022-05-30');
INSERT INTO res_rate (Res_ID, User_ID, Res_rating, Res_rating_date) VALUES ('48', '44', '4', '2022-04-10');
INSERT INTO res_rate (Res_ID, User_ID, Res_rating, Res_rating_date) VALUES ('48', '87', '4', '2022-01-26');
INSERT INTO res_rate (Res_ID, User_ID, Res_rating, Res_rating_date) VALUES ('48', '99', '2', '2022-07-25');
INSERT INTO res_rate (Res_ID, User_ID, Res_rating, Res_rating_date) VALUES ('49', '72', '2', '2023-11-03');
INSERT INTO res_rate (Res_ID, User_ID, Res_rating, Res_rating_date) VALUES ('49', '82', '5', '2022-09-06');
INSERT INTO res_rate (Res_ID, User_ID, Res_rating, Res_rating_date) VALUES ('49', '90', '3', '2023-03-25');
INSERT INTO res_rate (Res_ID, User_ID, Res_rating, Res_rating_date) VALUES ('49', '97', '1', '2023-02-22');
INSERT INTO res_rate (Res_ID, User_ID, Res_rating, Res_rating_date) VALUES ('50', '39', '4', '2022-02-23');
INSERT INTO res_rate (Res_ID, User_ID, Res_rating, Res_rating_date) VALUES ('50', '72', '2', '2022-01-27');
INSERT INTO res_rate (Res_ID, User_ID, Res_rating, Res_rating_date) VALUES ('50', '83', '2', '2023-05-17');
INSERT INTO res_rate (Res_ID, User_ID, Res_rating, Res_rating_date) VALUES ('51', '37', '3', '2023-06-03');
INSERT INTO res_rate (Res_ID, User_ID, Res_rating, Res_rating_date) VALUES ('52', '70', '2', '2022-04-12');
INSERT INTO res_rate (Res_ID, User_ID, Res_rating, Res_rating_date) VALUES ('52', '99', '1', '2023-01-16');
INSERT INTO res_rate (Res_ID, User_ID, Res_rating, Res_rating_date) VALUES ('53', '28', '4', '2023-03-03');
INSERT INTO res_rate (Res_ID, User_ID, Res_rating, Res_rating_date) VALUES ('53', '33', '4', '2022-12-27');
INSERT INTO res_rate (Res_ID, User_ID, Res_rating, Res_rating_date) VALUES ('53', '53', '1', '2023-06-02');
INSERT INTO res_rate (Res_ID, User_ID, Res_rating, Res_rating_date) VALUES ('53', '59', '5', '2023-09-18');
INSERT INTO res_rate (Res_ID, User_ID, Res_rating, Res_rating_date) VALUES ('53', '79', '1', '2023-04-16');
INSERT INTO res_rate (Res_ID, User_ID, Res_rating, Res_rating_date) VALUES ('53', '83', '2', '2023-04-24');
INSERT INTO res_rate (Res_ID, User_ID, Res_rating, Res_rating_date) VALUES ('54', '2', '5', '2022-08-01');
INSERT INTO res_rate (Res_ID, User_ID, Res_rating, Res_rating_date) VALUES ('54', '76', '4', '2022-09-27');
INSERT INTO res_rate (Res_ID, User_ID, Res_rating, Res_rating_date) VALUES ('54', '87', '3', '2022-03-22');
INSERT INTO res_rate (Res_ID, User_ID, Res_rating, Res_rating_date) VALUES ('55', '4', '5', '2022-06-18');
INSERT INTO res_rate (Res_ID, User_ID, Res_rating, Res_rating_date) VALUES ('55', '54', '5', '2023-07-29');
INSERT INTO res_rate (Res_ID, User_ID, Res_rating, Res_rating_date) VALUES ('55', '73', '5', '2022-06-19');
INSERT INTO res_rate (Res_ID, User_ID, Res_rating, Res_rating_date) VALUES ('56', '61', '1', '2023-10-23');
INSERT INTO res_rate (Res_ID, User_ID, Res_rating, Res_rating_date) VALUES ('56', '91', '2', '2022-06-15');
INSERT INTO res_rate (Res_ID, User_ID, Res_rating, Res_rating_date) VALUES ('57', '2', '4', '2022-03-24');
INSERT INTO res_rate (Res_ID, User_ID, Res_rating, Res_rating_date) VALUES ('57', '24', '2', '2022-07-16');
INSERT INTO res_rate (Res_ID, User_ID, Res_rating, Res_rating_date) VALUES ('57', '25', '1', '2022-07-10');
INSERT INTO res_rate (Res_ID, User_ID, Res_rating, Res_rating_date) VALUES ('59', '37', '4', '2022-06-17');
INSERT INTO res_rate (Res_ID, User_ID, Res_rating, Res_rating_date) VALUES ('59', '51', '1', '2022-01-12');
INSERT INTO res_rate (Res_ID, User_ID, Res_rating, Res_rating_date) VALUES ('59', '71', '2', '2022-02-07');
INSERT INTO res_rate (Res_ID, User_ID, Res_rating, Res_rating_date) VALUES ('60', '16', '5', '2023-11-02');
INSERT INTO res_rate (Res_ID, User_ID, Res_rating, Res_rating_date) VALUES ('60', '77', '3', '2022-11-29');
INSERT INTO res_rate (Res_ID, User_ID, Res_rating, Res_rating_date) VALUES ('60', '79', '1', '2023-04-28');
INSERT INTO res_rate (Res_ID, User_ID, Res_rating, Res_rating_date) VALUES ('61', '55', '5', '2022-06-13');
INSERT INTO res_rate (Res_ID, User_ID, Res_rating, Res_rating_date) VALUES ('63', '21', '4', '2022-10-10');
INSERT INTO res_rate (Res_ID, User_ID, Res_rating, Res_rating_date) VALUES ('63', '29', '5', '2023-07-04');
INSERT INTO res_rate (Res_ID, User_ID, Res_rating, Res_rating_date) VALUES ('63', '37', '1', '2023-07-31');
INSERT INTO res_rate (Res_ID, User_ID, Res_rating, Res_rating_date) VALUES ('63', '4', '2', '2022-08-25');
INSERT INTO res_rate (Res_ID, User_ID, Res_rating, Res_rating_date) VALUES ('63', '58', '4', '2022-12-16');
INSERT INTO res_rate (Res_ID, User_ID, Res_rating, Res_rating_date) VALUES ('63', '77', '4', '2022-03-04');
INSERT INTO res_rate (Res_ID, User_ID, Res_rating, Res_rating_date) VALUES ('63', '85', '5', '2022-04-25');
INSERT INTO res_rate (Res_ID, User_ID, Res_rating, Res_rating_date) VALUES ('64', '8', '5', '2022-01-26');
INSERT INTO res_rate (Res_ID, User_ID, Res_rating, Res_rating_date) VALUES ('64', '80', '2', '2022-11-20');
INSERT INTO res_rate (Res_ID, User_ID, Res_rating, Res_rating_date) VALUES ('64', '82', '3', '2022-11-06');
INSERT INTO res_rate (Res_ID, User_ID, Res_rating, Res_rating_date) VALUES ('65', '12', '2', '2022-04-15');
INSERT INTO res_rate (Res_ID, User_ID, Res_rating, Res_rating_date) VALUES ('65', '13', '1', '2022-07-12');
INSERT INTO res_rate (Res_ID, User_ID, Res_rating, Res_rating_date) VALUES ('65', '48', '1', '2022-12-31');
INSERT INTO res_rate (Res_ID, User_ID, Res_rating, Res_rating_date) VALUES ('65', '49', '1', '2022-04-10');
INSERT INTO res_rate (Res_ID, User_ID, Res_rating, Res_rating_date) VALUES ('66', '21', '3', '2023-03-15');
INSERT INTO res_rate (Res_ID, User_ID, Res_rating, Res_rating_date) VALUES ('66', '30', '3', '2022-11-11');
INSERT INTO res_rate (Res_ID, User_ID, Res_rating, Res_rating_date) VALUES ('66', '64', '5', '2022-01-18');
INSERT INTO res_rate (Res_ID, User_ID, Res_rating, Res_rating_date) VALUES ('66', '91', '2', '2022-11-09');
INSERT INTO res_rate (Res_ID, User_ID, Res_rating, Res_rating_date) VALUES ('66', '96', '5', '2022-04-02');
INSERT INTO res_rate (Res_ID, User_ID, Res_rating, Res_rating_date) VALUES ('67', '13', '3', '2023-05-21');
INSERT INTO res_rate (Res_ID, User_ID, Res_rating, Res_rating_date) VALUES ('67', '50', '2', '2023-10-03');
INSERT INTO res_rate (Res_ID, User_ID, Res_rating, Res_rating_date) VALUES ('68', '10', '3', '2022-04-18');
INSERT INTO res_rate (Res_ID, User_ID, Res_rating, Res_rating_date) VALUES ('68', '5', '5', '2022-05-28');
INSERT INTO res_rate (Res_ID, User_ID, Res_rating, Res_rating_date) VALUES ('68', '60', '2', '2023-08-13');
INSERT INTO res_rate (Res_ID, User_ID, Res_rating, Res_rating_date) VALUES ('68', '92', '5', '2022-04-01');
INSERT INTO res_rate (Res_ID, User_ID, Res_rating, Res_rating_date) VALUES ('69', '17', '3', '2023-04-12');
INSERT INTO res_rate (Res_ID, User_ID, Res_rating, Res_rating_date) VALUES ('69', '36', '5', '2023-07-03');
INSERT INTO res_rate (Res_ID, User_ID, Res_rating, Res_rating_date) VALUES ('69', '61', '5', '2022-12-13');
INSERT INTO res_rate (Res_ID, User_ID, Res_rating, Res_rating_date) VALUES ('69', '94', '4', '2023-09-20');
INSERT INTO res_rate (Res_ID, User_ID, Res_rating, Res_rating_date) VALUES ('70', '17', '3', '2023-06-05');
INSERT INTO res_rate (Res_ID, User_ID, Res_rating, Res_rating_date) VALUES ('70', '22', '2', '2023-08-09');
INSERT INTO res_rate (Res_ID, User_ID, Res_rating, Res_rating_date) VALUES ('70', '30', '4', '2022-07-04');
INSERT INTO res_rate (Res_ID, User_ID, Res_rating, Res_rating_date) VALUES ('70', '31', '5', '2022-10-09');
INSERT INTO res_rate (Res_ID, User_ID, Res_rating, Res_rating_date) VALUES ('70', '39', '4', '2022-09-27');
INSERT INTO res_rate (Res_ID, User_ID, Res_rating, Res_rating_date) VALUES ('71', '56', '2', '2022-12-14');
INSERT INTO res_rate (Res_ID, User_ID, Res_rating, Res_rating_date) VALUES ('71', '57', '2', '2022-11-16');
INSERT INTO res_rate (Res_ID, User_ID, Res_rating, Res_rating_date) VALUES ('72', '36', '4', '2023-03-18');
INSERT INTO res_rate (Res_ID, User_ID, Res_rating, Res_rating_date) VALUES ('72', '53', '1', '2023-08-03');
INSERT INTO res_rate (Res_ID, User_ID, Res_rating, Res_rating_date) VALUES ('73', '6', '2', '2022-08-21');
INSERT INTO res_rate (Res_ID, User_ID, Res_rating, Res_rating_date) VALUES ('73', '64', '4', '2022-05-28');
INSERT INTO res_rate (Res_ID, User_ID, Res_rating, Res_rating_date) VALUES ('74', '5', '2', '2023-07-21');
INSERT INTO res_rate (Res_ID, User_ID, Res_rating, Res_rating_date) VALUES ('74', '98', '2', '2023-10-29');
INSERT INTO res_rate (Res_ID, User_ID, Res_rating, Res_rating_date) VALUES ('75', '25', '3', '2022-12-28');
INSERT INTO res_rate (Res_ID, User_ID, Res_rating, Res_rating_date) VALUES ('75', '38', '4', '2023-08-15');
INSERT INTO res_rate (Res_ID, User_ID, Res_rating, Res_rating_date) VALUES ('75', '73', '1', '2022-09-18');
INSERT INTO res_rate (Res_ID, User_ID, Res_rating, Res_rating_date) VALUES ('75', '81', '3', '2022-11-07');
INSERT INTO res_rate (Res_ID, User_ID, Res_rating, Res_rating_date) VALUES ('76', '42', '2', '2022-10-07');
INSERT INTO res_rate (Res_ID, User_ID, Res_rating, Res_rating_date) VALUES ('76', '81', '5', '2022-06-22');
INSERT INTO res_rate (Res_ID, User_ID, Res_rating, Res_rating_date) VALUES ('76', '99', '3', '2022-10-04');
INSERT INTO res_rate (Res_ID, User_ID, Res_rating, Res_rating_date) VALUES ('77', '53', '2', '2022-06-19');
INSERT INTO res_rate (Res_ID, User_ID, Res_rating, Res_rating_date) VALUES ('78', '66', '4', '2023-08-12');
INSERT INTO res_rate (Res_ID, User_ID, Res_rating, Res_rating_date) VALUES ('79', '15', '3', '2023-07-21');
INSERT INTO res_rate (Res_ID, User_ID, Res_rating, Res_rating_date) VALUES ('79', '3', '5', '2022-08-18');
INSERT INTO res_rate (Res_ID, User_ID, Res_rating, Res_rating_date) VALUES ('79', '61', '4', '2022-12-10');
INSERT INTO res_rate (Res_ID, User_ID, Res_rating, Res_rating_date) VALUES ('80', '54', '3', '2022-02-14');
INSERT INTO res_rate (Res_ID, User_ID, Res_rating, Res_rating_date) VALUES ('80', '75', '1', '2022-06-01');
INSERT INTO res_rate (Res_ID, User_ID, Res_rating, Res_rating_date) VALUES ('81', '22', '1', '2022-05-26');
INSERT INTO res_rate (Res_ID, User_ID, Res_rating, Res_rating_date) VALUES ('81', '78', '5', '2023-03-26');
INSERT INTO res_rate (Res_ID, User_ID, Res_rating, Res_rating_date) VALUES ('81', '85', '4', '2023-05-26');
INSERT INTO res_rate (Res_ID, User_ID, Res_rating, Res_rating_date) VALUES ('82', '16', '1', '2023-01-06');
INSERT INTO res_rate (Res_ID, User_ID, Res_rating, Res_rating_date) VALUES ('82', '34', '5', '2022-03-08');
INSERT INTO res_rate (Res_ID, User_ID, Res_rating, Res_rating_date) VALUES ('82', '44', '1', '2022-08-27');
INSERT INTO res_rate (Res_ID, User_ID, Res_rating, Res_rating_date) VALUES ('82', '80', '2', '2022-06-03');
INSERT INTO res_rate (Res_ID, User_ID, Res_rating, Res_rating_date) VALUES ('83', '43', '5', '2023-10-05');
INSERT INTO res_rate (Res_ID, User_ID, Res_rating, Res_rating_date) VALUES ('83', '65', '4', '2022-02-26');
INSERT INTO res_rate (Res_ID, User_ID, Res_rating, Res_rating_date) VALUES ('83', '7', '1', '2022-10-18');
INSERT INTO res_rate (Res_ID, User_ID, Res_rating, Res_rating_date) VALUES ('83', '78', '1', '2022-11-16');
INSERT INTO res_rate (Res_ID, User_ID, Res_rating, Res_rating_date) VALUES ('83', '88', '3', '2023-02-20');
INSERT INTO res_rate (Res_ID, User_ID, Res_rating, Res_rating_date) VALUES ('84', '47', '1', '2022-07-28');
INSERT INTO res_rate (Res_ID, User_ID, Res_rating, Res_rating_date) VALUES ('84', '67', '2', '2023-07-06');
INSERT INTO res_rate (Res_ID, User_ID, Res_rating, Res_rating_date) VALUES ('84', '93', '1', '2022-05-22');
INSERT INTO res_rate (Res_ID, User_ID, Res_rating, Res_rating_date) VALUES ('85', '26', '5', '2023-06-06');
INSERT INTO res_rate (Res_ID, User_ID, Res_rating, Res_rating_date) VALUES ('85', '59', '2', '2023-03-16');
INSERT INTO res_rate (Res_ID, User_ID, Res_rating, Res_rating_date) VALUES ('86', '62', '2', '2023-08-11');
INSERT INTO res_rate (Res_ID, User_ID, Res_rating, Res_rating_date) VALUES ('86', '85', '1', '2022-10-26');
INSERT INTO res_rate (Res_ID, User_ID, Res_rating, Res_rating_date) VALUES ('86', '93', '1', '2023-03-08');
INSERT INTO res_rate (Res_ID, User_ID, Res_rating, Res_rating_date) VALUES ('87', '35', '1', '2023-01-13');
INSERT INTO res_rate (Res_ID, User_ID, Res_rating, Res_rating_date) VALUES ('87', '69', '2', '2023-10-22');
INSERT INTO res_rate (Res_ID, User_ID, Res_rating, Res_rating_date) VALUES ('88', '3', '4', '2022-02-28');
INSERT INTO res_rate (Res_ID, User_ID, Res_rating, Res_rating_date) VALUES ('88', '40', '4', '2022-01-14');
INSERT INTO res_rate (Res_ID, User_ID, Res_rating, Res_rating_date) VALUES ('88', '55', '3', '2023-11-02');
INSERT INTO res_rate (Res_ID, User_ID, Res_rating, Res_rating_date) VALUES ('89', '77', '4', '2023-07-01');
INSERT INTO res_rate (Res_ID, User_ID, Res_rating, Res_rating_date) VALUES ('90', '25', '4', '2023-10-30');
INSERT INTO res_rate (Res_ID, User_ID, Res_rating, Res_rating_date) VALUES ('90', '47', '2', '2023-01-27');
INSERT INTO res_rate (Res_ID, User_ID, Res_rating, Res_rating_date) VALUES ('90', '58', '2', '2023-03-21');
INSERT INTO res_rate (Res_ID, User_ID, Res_rating, Res_rating_date) VALUES ('90', '6', '5', '2023-06-18');
INSERT INTO res_rate (Res_ID, User_ID, Res_rating, Res_rating_date) VALUES ('90', '93', '4', '2022-07-17');
INSERT INTO res_rate (Res_ID, User_ID, Res_rating, Res_rating_date) VALUES ('91', '11', '1', '2023-10-24');
INSERT INTO res_rate (Res_ID, User_ID, Res_rating, Res_rating_date) VALUES ('91', '32', '3', '2022-08-06');
INSERT INTO res_rate (Res_ID, User_ID, Res_rating, Res_rating_date) VALUES ('91', '35', '2', '2023-06-21');
INSERT INTO res_rate (Res_ID, User_ID, Res_rating, Res_rating_date) VALUES ('91', '66', '3', '2022-12-26');
INSERT INTO res_rate (Res_ID, User_ID, Res_rating, Res_rating_date) VALUES ('91', '90', '5', '2023-07-07');
INSERT INTO res_rate (Res_ID, User_ID, Res_rating, Res_rating_date) VALUES ('92', '39', '5', '2023-01-22');
INSERT INTO res_rate (Res_ID, User_ID, Res_rating, Res_rating_date) VALUES ('94', '43', '5', '2022-07-26');
INSERT INTO res_rate (Res_ID, User_ID, Res_rating, Res_rating_date) VALUES ('95', '10', '1', '2023-01-28');
INSERT INTO res_rate (Res_ID, User_ID, Res_rating, Res_rating_date) VALUES ('95', '22', '4', '2023-07-16');
INSERT INTO res_rate (Res_ID, User_ID, Res_rating, Res_rating_date) VALUES ('95', '35', '2', '2022-08-03');
INSERT INTO res_rate (Res_ID, User_ID, Res_rating, Res_rating_date) VALUES ('95', '57', '4', '2022-01-02');
INSERT INTO res_rate (Res_ID, User_ID, Res_rating, Res_rating_date) VALUES ('95', '77', '4', '2022-03-08');
INSERT INTO res_rate (Res_ID, User_ID, Res_rating, Res_rating_date) VALUES ('95', '94', '2', '2022-07-30');
INSERT INTO res_rate (Res_ID, User_ID, Res_rating, Res_rating_date) VALUES ('95', '98', '4', '2023-02-07');
INSERT INTO res_rate (Res_ID, User_ID, Res_rating, Res_rating_date) VALUES ('96', '74', '3', '2023-04-26');
INSERT INTO res_rate (Res_ID, User_ID, Res_rating, Res_rating_date) VALUES ('96', '78', '3', '2023-08-28');
INSERT INTO res_rate (Res_ID, User_ID, Res_rating, Res_rating_date) VALUES ('97', '43', '1', '2022-02-14');
INSERT INTO res_rate (Res_ID, User_ID, Res_rating, Res_rating_date) VALUES ('97', '45', '5', '2022-06-29');
INSERT INTO res_rate (Res_ID, User_ID, Res_rating, Res_rating_date) VALUES ('97', '68', '4', '2022-10-20');
INSERT INTO res_rate (Res_ID, User_ID, Res_rating, Res_rating_date) VALUES ('97', '79', '4', '2023-05-14');
INSERT INTO res_rate (Res_ID, User_ID, Res_rating, Res_rating_date) VALUES ('98', '34', '1', '2022-08-18');
INSERT INTO res_rate (Res_ID, User_ID, Res_rating, Res_rating_date) VALUES ('99', '14', '3', '2022-06-25');
INSERT INTO res_rate (Res_ID, User_ID, Res_rating, Res_rating_date) VALUES ('99', '19', '2', '2023-06-01');
INSERT INTO res_rate (Res_ID, User_ID, Res_rating, Res_rating_date) VALUES ('99', '47', '3', '2022-12-24');
INSERT INTO res_rate (Res_ID, User_ID, Res_rating, Res_rating_date) VALUES ('99', '62', '5', '2022-07-06');
INSERT INTO res_rate (Res_ID, User_ID, Res_rating, Res_rating_date) VALUES ('100', '34', '2', '2022-10-31');
INSERT INTO res_rate (Res_ID, User_ID, Res_rating, Res_rating_date) VALUES ('100', '46', '5', '2022-05-12');
INSERT INTO res_rate (Res_ID, User_ID, Res_rating, Res_rating_date) VALUES ('100', '69', '3', '2022-02-27');

INSERT INTO res_review (Res_review_ID, User_ID, Res_ID) VALUES ('1', '32', '1');
INSERT INTO res_review (Res_review_ID, User_ID, Res_ID) VALUES ('2', '20', '2');
INSERT INTO res_review (Res_review_ID, User_ID, Res_ID) VALUES ('3', '52', '2');
INSERT INTO res_review (Res_review_ID, User_ID, Res_ID) VALUES ('4', '1', '3');
INSERT INTO res_review (Res_review_ID, User_ID, Res_ID) VALUES ('5', '25', '3');
INSERT INTO res_review (Res_review_ID, User_ID, Res_ID) VALUES ('6', '30', '3');
INSERT INTO res_review (Res_review_ID, User_ID, Res_ID) VALUES ('7', '31', '3');
INSERT INTO res_review (Res_review_ID, User_ID, Res_ID) VALUES ('8', '55', '3');
INSERT INTO res_review (Res_review_ID, User_ID, Res_ID) VALUES ('9', '66', '3');
INSERT INTO res_review (Res_review_ID, User_ID, Res_ID) VALUES ('10', '77', '3');
INSERT INTO res_review (Res_review_ID, User_ID, Res_ID) VALUES ('11', '14', '4');
INSERT INTO res_review (Res_review_ID, User_ID, Res_ID) VALUES ('12', '24', '4');
INSERT INTO res_review (Res_review_ID, User_ID, Res_ID) VALUES ('13', '37', '4');
INSERT INTO res_review (Res_review_ID, User_ID, Res_ID) VALUES ('14', '38', '4');
INSERT INTO res_review (Res_review_ID, User_ID, Res_ID) VALUES ('15', '59', '4');
INSERT INTO res_review (Res_review_ID, User_ID, Res_ID) VALUES ('16', '93', '4');
INSERT INTO res_review (Res_review_ID, User_ID, Res_ID) VALUES ('17', '23', '5');
INSERT INTO res_review (Res_review_ID, User_ID, Res_ID) VALUES ('18', '33', '5');
INSERT INTO res_review (Res_review_ID, User_ID, Res_ID) VALUES ('19', '39', '5');
INSERT INTO res_review (Res_review_ID, User_ID, Res_ID) VALUES ('20', '48', '6');
INSERT INTO res_review (Res_review_ID, User_ID, Res_ID) VALUES ('21', '1', '8');
INSERT INTO res_review (Res_review_ID, User_ID, Res_ID) VALUES ('22', '33', '8');
INSERT INTO res_review (Res_review_ID, User_ID, Res_ID) VALUES ('23', '50', '8');
INSERT INTO res_review (Res_review_ID, User_ID, Res_ID) VALUES ('24', '65', '8');
INSERT INTO res_review (Res_review_ID, User_ID, Res_ID) VALUES ('25', '99', '8');
INSERT INTO res_review (Res_review_ID, User_ID, Res_ID) VALUES ('26', '17', '9');
INSERT INTO res_review (Res_review_ID, User_ID, Res_ID) VALUES ('27', '9', '9');
INSERT INTO res_review (Res_review_ID, User_ID, Res_ID) VALUES ('28', '42', '10');
INSERT INTO res_review (Res_review_ID, User_ID, Res_ID) VALUES ('29', '69', '10');
INSERT INTO res_review (Res_review_ID, User_ID, Res_ID) VALUES ('30', '70', '10');
INSERT INTO res_review (Res_review_ID, User_ID, Res_ID) VALUES ('31', '93', '10');
INSERT INTO res_review (Res_review_ID, User_ID, Res_ID) VALUES ('32', '94', '10');
INSERT INTO res_review (Res_review_ID, User_ID, Res_ID) VALUES ('33', '2', '11');
INSERT INTO res_review (Res_review_ID, User_ID, Res_ID) VALUES ('34', '25', '12');
INSERT INTO res_review (Res_review_ID, User_ID, Res_ID) VALUES ('35', '29', '12');
INSERT INTO res_review (Res_review_ID, User_ID, Res_ID) VALUES ('36', '55', '12');
INSERT INTO res_review (Res_review_ID, User_ID, Res_ID) VALUES ('37', '87', '12');
INSERT INTO res_review (Res_review_ID, User_ID, Res_ID) VALUES ('38', '3', '15');
INSERT INTO res_review (Res_review_ID, User_ID, Res_ID) VALUES ('39', '50', '15');
INSERT INTO res_review (Res_review_ID, User_ID, Res_ID) VALUES ('40', '13', '16');
INSERT INTO res_review (Res_review_ID, User_ID, Res_ID) VALUES ('41', '6', '16');
INSERT INTO res_review (Res_review_ID, User_ID, Res_ID) VALUES ('42', '9', '16');
INSERT INTO res_review (Res_review_ID, User_ID, Res_ID) VALUES ('43', '95', '16');
INSERT INTO res_review (Res_review_ID, User_ID, Res_ID) VALUES ('44', '97', '16');
INSERT INTO res_review (Res_review_ID, User_ID, Res_ID) VALUES ('45', '20', '17');
INSERT INTO res_review (Res_review_ID, User_ID, Res_ID) VALUES ('46', '50', '17');
INSERT INTO res_review (Res_review_ID, User_ID, Res_ID) VALUES ('47', '62', '17');
INSERT INTO res_review (Res_review_ID, User_ID, Res_ID) VALUES ('48', '88', '17');
INSERT INTO res_review (Res_review_ID, User_ID, Res_ID) VALUES ('49', '97', '17');
INSERT INTO res_review (Res_review_ID, User_ID, Res_ID) VALUES ('50', '48', '18');
INSERT INTO res_review (Res_review_ID, User_ID, Res_ID) VALUES ('51', '6', '18');
INSERT INTO res_review (Res_review_ID, User_ID, Res_ID) VALUES ('52', '65', '18');
INSERT INTO res_review (Res_review_ID, User_ID, Res_ID) VALUES ('53', '75', '18');
INSERT INTO res_review (Res_review_ID, User_ID, Res_ID) VALUES ('54', '80', '18');
INSERT INTO res_review (Res_review_ID, User_ID, Res_ID) VALUES ('55', '81', '18');
INSERT INTO res_review (Res_review_ID, User_ID, Res_ID) VALUES ('56', '63', '19');
INSERT INTO res_review (Res_review_ID, User_ID, Res_ID) VALUES ('57', '87', '19');
INSERT INTO res_review (Res_review_ID, User_ID, Res_ID) VALUES ('58', '10', '20');
INSERT INTO res_review (Res_review_ID, User_ID, Res_ID) VALUES ('59', '46', '21');
INSERT INTO res_review (Res_review_ID, User_ID, Res_ID) VALUES ('60', '71', '21');
INSERT INTO res_review (Res_review_ID, User_ID, Res_ID) VALUES ('61', '29', '22');
INSERT INTO res_review (Res_review_ID, User_ID, Res_ID) VALUES ('62', '44', '22');
INSERT INTO res_review (Res_review_ID, User_ID, Res_ID) VALUES ('63', '85', '22');
INSERT INTO res_review (Res_review_ID, User_ID, Res_ID) VALUES ('64', '39', '23');
INSERT INTO res_review (Res_review_ID, User_ID, Res_ID) VALUES ('65', '89', '23');
INSERT INTO res_review (Res_review_ID, User_ID, Res_ID) VALUES ('66', '91', '23');
INSERT INTO res_review (Res_review_ID, User_ID, Res_ID) VALUES ('67', '1', '24');
INSERT INTO res_review (Res_review_ID, User_ID, Res_ID) VALUES ('68', '25', '24');
INSERT INTO res_review (Res_review_ID, User_ID, Res_ID) VALUES ('69', '22', '25');
INSERT INTO res_review (Res_review_ID, User_ID, Res_ID) VALUES ('70', '41', '25');
INSERT INTO res_review (Res_review_ID, User_ID, Res_ID) VALUES ('71', '59', '25');
INSERT INTO res_review (Res_review_ID, User_ID, Res_ID) VALUES ('72', '88', '25');
INSERT INTO res_review (Res_review_ID, User_ID, Res_ID) VALUES ('73', '29', '26');
INSERT INTO res_review (Res_review_ID, User_ID, Res_ID) VALUES ('74', '58', '26');
INSERT INTO res_review (Res_review_ID, User_ID, Res_ID) VALUES ('75', '8', '26');
INSERT INTO res_review (Res_review_ID, User_ID, Res_ID) VALUES ('76', '98', '26');
INSERT INTO res_review (Res_review_ID, User_ID, Res_ID) VALUES ('77', '29', '27');
INSERT INTO res_review (Res_review_ID, User_ID, Res_ID) VALUES ('78', '75', '27');
INSERT INTO res_review (Res_review_ID, User_ID, Res_ID) VALUES ('79', '86', '27');
INSERT INTO res_review (Res_review_ID, User_ID, Res_ID) VALUES ('80', '92', '27');
INSERT INTO res_review (Res_review_ID, User_ID, Res_ID) VALUES ('81', '94', '27');
INSERT INTO res_review (Res_review_ID, User_ID, Res_ID) VALUES ('82', '28', '29');
INSERT INTO res_review (Res_review_ID, User_ID, Res_ID) VALUES ('83', '30', '29');
INSERT INTO res_review (Res_review_ID, User_ID, Res_ID) VALUES ('84', '93', '29');
INSERT INTO res_review (Res_review_ID, User_ID, Res_ID) VALUES ('85', '44', '30');
INSERT INTO res_review (Res_review_ID, User_ID, Res_ID) VALUES ('86', '83', '30');
INSERT INTO res_review (Res_review_ID, User_ID, Res_ID) VALUES ('87', '100', '31');
INSERT INTO res_review (Res_review_ID, User_ID, Res_ID) VALUES ('88', '41', '31');
INSERT INTO res_review (Res_review_ID, User_ID, Res_ID) VALUES ('89', '55', '31');
INSERT INTO res_review (Res_review_ID, User_ID, Res_ID) VALUES ('90', '78', '31');
INSERT INTO res_review (Res_review_ID, User_ID, Res_ID) VALUES ('91', '9', '31');
INSERT INTO res_review (Res_review_ID, User_ID, Res_ID) VALUES ('92', '48', '32');
INSERT INTO res_review (Res_review_ID, User_ID, Res_ID) VALUES ('93', '83', '32');
INSERT INTO res_review (Res_review_ID, User_ID, Res_ID) VALUES ('94', '43', '33');
INSERT INTO res_review (Res_review_ID, User_ID, Res_ID) VALUES ('95', '61', '33');
INSERT INTO res_review (Res_review_ID, User_ID, Res_ID) VALUES ('96', '57', '34');
INSERT INTO res_review (Res_review_ID, User_ID, Res_ID) VALUES ('97', '60', '34');
INSERT INTO res_review (Res_review_ID, User_ID, Res_ID) VALUES ('98', '30', '35');
INSERT INTO res_review (Res_review_ID, User_ID, Res_ID) VALUES ('99', '45', '35');
INSERT INTO res_review (Res_review_ID, User_ID, Res_ID) VALUES ('100', '47', '36');
INSERT INTO res_review (Res_review_ID, User_ID, Res_ID) VALUES ('101', '54', '36');
INSERT INTO res_review (Res_review_ID, User_ID, Res_ID) VALUES ('102', '64', '36');
INSERT INTO res_review (Res_review_ID, User_ID, Res_ID) VALUES ('103', '66', '36');
INSERT INTO res_review (Res_review_ID, User_ID, Res_ID) VALUES ('104', '76', '36');
INSERT INTO res_review (Res_review_ID, User_ID, Res_ID) VALUES ('105', '80', '36');
INSERT INTO res_review (Res_review_ID, User_ID, Res_ID) VALUES ('106', '99', '36');
INSERT INTO res_review (Res_review_ID, User_ID, Res_ID) VALUES ('107', '1', '37');
INSERT INTO res_review (Res_review_ID, User_ID, Res_ID) VALUES ('108', '48', '37');
INSERT INTO res_review (Res_review_ID, User_ID, Res_ID) VALUES ('109', '60', '37');
INSERT INTO res_review (Res_review_ID, User_ID, Res_ID) VALUES ('110', '74', '37');
INSERT INTO res_review (Res_review_ID, User_ID, Res_ID) VALUES ('111', '87', '37');
INSERT INTO res_review (Res_review_ID, User_ID, Res_ID) VALUES ('112', '43', '38');
INSERT INTO res_review (Res_review_ID, User_ID, Res_ID) VALUES ('113', '3', '39');
INSERT INTO res_review (Res_review_ID, User_ID, Res_ID) VALUES ('114', '62', '39');
INSERT INTO res_review (Res_review_ID, User_ID, Res_ID) VALUES ('115', '65', '39');
INSERT INTO res_review (Res_review_ID, User_ID, Res_ID) VALUES ('116', '68', '39');
INSERT INTO res_review (Res_review_ID, User_ID, Res_ID) VALUES ('117', '20', '40');
INSERT INTO res_review (Res_review_ID, User_ID, Res_ID) VALUES ('118', '26', '40');
INSERT INTO res_review (Res_review_ID, User_ID, Res_ID) VALUES ('119', '30', '40');
INSERT INTO res_review (Res_review_ID, User_ID, Res_ID) VALUES ('120', '33', '40');
INSERT INTO res_review (Res_review_ID, User_ID, Res_ID) VALUES ('121', '60', '40');
INSERT INTO res_review (Res_review_ID, User_ID, Res_ID) VALUES ('122', '69', '40');
INSERT INTO res_review (Res_review_ID, User_ID, Res_ID) VALUES ('123', '22', '41');
INSERT INTO res_review (Res_review_ID, User_ID, Res_ID) VALUES ('124', '31', '41');
INSERT INTO res_review (Res_review_ID, User_ID, Res_ID) VALUES ('125', '49', '41');
INSERT INTO res_review (Res_review_ID, User_ID, Res_ID) VALUES ('126', '77', '41');
INSERT INTO res_review (Res_review_ID, User_ID, Res_ID) VALUES ('127', '72', '42');
INSERT INTO res_review (Res_review_ID, User_ID, Res_ID) VALUES ('128', '86', '42');
INSERT INTO res_review (Res_review_ID, User_ID, Res_ID) VALUES ('129', '13', '43');
INSERT INTO res_review (Res_review_ID, User_ID, Res_ID) VALUES ('130', '29', '43');
INSERT INTO res_review (Res_review_ID, User_ID, Res_ID) VALUES ('131', '63', '43');
INSERT INTO res_review (Res_review_ID, User_ID, Res_ID) VALUES ('132', '74', '43');
INSERT INTO res_review (Res_review_ID, User_ID, Res_ID) VALUES ('133', '4', '44');
INSERT INTO res_review (Res_review_ID, User_ID, Res_ID) VALUES ('134', '43', '44');
INSERT INTO res_review (Res_review_ID, User_ID, Res_ID) VALUES ('135', '54', '44');
INSERT INTO res_review (Res_review_ID, User_ID, Res_ID) VALUES ('136', '62', '44');
INSERT INTO res_review (Res_review_ID, User_ID, Res_ID) VALUES ('137', '14', '45');
INSERT INTO res_review (Res_review_ID, User_ID, Res_ID) VALUES ('138', '52', '45');
INSERT INTO res_review (Res_review_ID, User_ID, Res_ID) VALUES ('139', '30', '46');
INSERT INTO res_review (Res_review_ID, User_ID, Res_ID) VALUES ('140', '69', '46');
INSERT INTO res_review (Res_review_ID, User_ID, Res_ID) VALUES ('141', '64', '47');
INSERT INTO res_review (Res_review_ID, User_ID, Res_ID) VALUES ('142', '65', '47');
INSERT INTO res_review (Res_review_ID, User_ID, Res_ID) VALUES ('143', '44', '48');
INSERT INTO res_review (Res_review_ID, User_ID, Res_ID) VALUES ('144', '87', '48');
INSERT INTO res_review (Res_review_ID, User_ID, Res_ID) VALUES ('145', '99', '48');
INSERT INTO res_review (Res_review_ID, User_ID, Res_ID) VALUES ('146', '72', '49');
INSERT INTO res_review (Res_review_ID, User_ID, Res_ID) VALUES ('147', '82', '49');
INSERT INTO res_review (Res_review_ID, User_ID, Res_ID) VALUES ('148', '90', '49');
INSERT INTO res_review (Res_review_ID, User_ID, Res_ID) VALUES ('149', '97', '49');
INSERT INTO res_review (Res_review_ID, User_ID, Res_ID) VALUES ('150', '39', '50');
INSERT INTO res_review (Res_review_ID, User_ID, Res_ID) VALUES ('151', '72', '50');
INSERT INTO res_review (Res_review_ID, User_ID, Res_ID) VALUES ('152', '83', '50');
INSERT INTO res_review (Res_review_ID, User_ID, Res_ID) VALUES ('153', '37', '51');
INSERT INTO res_review (Res_review_ID, User_ID, Res_ID) VALUES ('154', '70', '52');
INSERT INTO res_review (Res_review_ID, User_ID, Res_ID) VALUES ('155', '99', '52');
INSERT INTO res_review (Res_review_ID, User_ID, Res_ID) VALUES ('156', '28', '53');
INSERT INTO res_review (Res_review_ID, User_ID, Res_ID) VALUES ('157', '33', '53');
INSERT INTO res_review (Res_review_ID, User_ID, Res_ID) VALUES ('158', '53', '53');
INSERT INTO res_review (Res_review_ID, User_ID, Res_ID) VALUES ('159', '59', '53');
INSERT INTO res_review (Res_review_ID, User_ID, Res_ID) VALUES ('160', '79', '53');
INSERT INTO res_review (Res_review_ID, User_ID, Res_ID) VALUES ('161', '83', '53');
INSERT INTO res_review (Res_review_ID, User_ID, Res_ID) VALUES ('162', '2', '54');
INSERT INTO res_review (Res_review_ID, User_ID, Res_ID) VALUES ('163', '76', '54');
INSERT INTO res_review (Res_review_ID, User_ID, Res_ID) VALUES ('164', '87', '54');
INSERT INTO res_review (Res_review_ID, User_ID, Res_ID) VALUES ('165', '4', '55');
INSERT INTO res_review (Res_review_ID, User_ID, Res_ID) VALUES ('166', '54', '55');
INSERT INTO res_review (Res_review_ID, User_ID, Res_ID) VALUES ('167', '73', '55');
INSERT INTO res_review (Res_review_ID, User_ID, Res_ID) VALUES ('168', '61', '56');
INSERT INTO res_review (Res_review_ID, User_ID, Res_ID) VALUES ('169', '91', '56');
INSERT INTO res_review (Res_review_ID, User_ID, Res_ID) VALUES ('170', '2', '57');
INSERT INTO res_review (Res_review_ID, User_ID, Res_ID) VALUES ('171', '24', '57');
INSERT INTO res_review (Res_review_ID, User_ID, Res_ID) VALUES ('172', '25', '57');
INSERT INTO res_review (Res_review_ID, User_ID, Res_ID) VALUES ('173', '37', '59');
INSERT INTO res_review (Res_review_ID, User_ID, Res_ID) VALUES ('174', '51', '59');
INSERT INTO res_review (Res_review_ID, User_ID, Res_ID) VALUES ('175', '71', '59');
INSERT INTO res_review (Res_review_ID, User_ID, Res_ID) VALUES ('176', '16', '60');
INSERT INTO res_review (Res_review_ID, User_ID, Res_ID) VALUES ('177', '77', '60');
INSERT INTO res_review (Res_review_ID, User_ID, Res_ID) VALUES ('178', '79', '60');
INSERT INTO res_review (Res_review_ID, User_ID, Res_ID) VALUES ('179', '55', '61');
INSERT INTO res_review (Res_review_ID, User_ID, Res_ID) VALUES ('180', '21', '63');
INSERT INTO res_review (Res_review_ID, User_ID, Res_ID) VALUES ('181', '29', '63');
INSERT INTO res_review (Res_review_ID, User_ID, Res_ID) VALUES ('182', '37', '63');
INSERT INTO res_review (Res_review_ID, User_ID, Res_ID) VALUES ('183', '4', '63');
INSERT INTO res_review (Res_review_ID, User_ID, Res_ID) VALUES ('184', '58', '63');
INSERT INTO res_review (Res_review_ID, User_ID, Res_ID) VALUES ('185', '77', '63');
INSERT INTO res_review (Res_review_ID, User_ID, Res_ID) VALUES ('186', '85', '63');
INSERT INTO res_review (Res_review_ID, User_ID, Res_ID) VALUES ('187', '8', '64');
INSERT INTO res_review (Res_review_ID, User_ID, Res_ID) VALUES ('188', '80', '64');
INSERT INTO res_review (Res_review_ID, User_ID, Res_ID) VALUES ('189', '82', '64');
INSERT INTO res_review (Res_review_ID, User_ID, Res_ID) VALUES ('190', '12', '65');
INSERT INTO res_review (Res_review_ID, User_ID, Res_ID) VALUES ('191', '13', '65');
INSERT INTO res_review (Res_review_ID, User_ID, Res_ID) VALUES ('192', '48', '65');
INSERT INTO res_review (Res_review_ID, User_ID, Res_ID) VALUES ('193', '49', '65');
INSERT INTO res_review (Res_review_ID, User_ID, Res_ID) VALUES ('194', '21', '66');
INSERT INTO res_review (Res_review_ID, User_ID, Res_ID) VALUES ('195', '30', '66');
INSERT INTO res_review (Res_review_ID, User_ID, Res_ID) VALUES ('196', '64', '66');
INSERT INTO res_review (Res_review_ID, User_ID, Res_ID) VALUES ('197', '91', '66');
INSERT INTO res_review (Res_review_ID, User_ID, Res_ID) VALUES ('198', '96', '66');
INSERT INTO res_review (Res_review_ID, User_ID, Res_ID) VALUES ('199', '13', '67');
INSERT INTO res_review (Res_review_ID, User_ID, Res_ID) VALUES ('200', '50', '67');
INSERT INTO res_review (Res_review_ID, User_ID, Res_ID) VALUES ('201', '10', '68');
INSERT INTO res_review (Res_review_ID, User_ID, Res_ID) VALUES ('202', '5', '68');
INSERT INTO res_review (Res_review_ID, User_ID, Res_ID) VALUES ('203', '60', '68');
INSERT INTO res_review (Res_review_ID, User_ID, Res_ID) VALUES ('204', '92', '68');
INSERT INTO res_review (Res_review_ID, User_ID, Res_ID) VALUES ('205', '17', '69');
INSERT INTO res_review (Res_review_ID, User_ID, Res_ID) VALUES ('206', '36', '69');
INSERT INTO res_review (Res_review_ID, User_ID, Res_ID) VALUES ('207', '61', '69');
INSERT INTO res_review (Res_review_ID, User_ID, Res_ID) VALUES ('208', '94', '69');
INSERT INTO res_review (Res_review_ID, User_ID, Res_ID) VALUES ('209', '17', '70');
INSERT INTO res_review (Res_review_ID, User_ID, Res_ID) VALUES ('210', '22', '70');
INSERT INTO res_review (Res_review_ID, User_ID, Res_ID) VALUES ('211', '30', '70');
INSERT INTO res_review (Res_review_ID, User_ID, Res_ID) VALUES ('212', '31', '70');
INSERT INTO res_review (Res_review_ID, User_ID, Res_ID) VALUES ('213', '39', '70');
INSERT INTO res_review (Res_review_ID, User_ID, Res_ID) VALUES ('214', '56', '71');
INSERT INTO res_review (Res_review_ID, User_ID, Res_ID) VALUES ('215', '57', '71');
INSERT INTO res_review (Res_review_ID, User_ID, Res_ID) VALUES ('216', '36', '72');
INSERT INTO res_review (Res_review_ID, User_ID, Res_ID) VALUES ('217', '53', '72');
INSERT INTO res_review (Res_review_ID, User_ID, Res_ID) VALUES ('218', '6', '73');
INSERT INTO res_review (Res_review_ID, User_ID, Res_ID) VALUES ('219', '64', '73');
INSERT INTO res_review (Res_review_ID, User_ID, Res_ID) VALUES ('220', '5', '74');
INSERT INTO res_review (Res_review_ID, User_ID, Res_ID) VALUES ('221', '98', '74');
INSERT INTO res_review (Res_review_ID, User_ID, Res_ID) VALUES ('222', '25', '75');
INSERT INTO res_review (Res_review_ID, User_ID, Res_ID) VALUES ('223', '38', '75');
INSERT INTO res_review (Res_review_ID, User_ID, Res_ID) VALUES ('224', '73', '75');
INSERT INTO res_review (Res_review_ID, User_ID, Res_ID) VALUES ('225', '81', '75');
INSERT INTO res_review (Res_review_ID, User_ID, Res_ID) VALUES ('226', '42', '76');
INSERT INTO res_review (Res_review_ID, User_ID, Res_ID) VALUES ('227', '81', '76');
INSERT INTO res_review (Res_review_ID, User_ID, Res_ID) VALUES ('228', '99', '76');
INSERT INTO res_review (Res_review_ID, User_ID, Res_ID) VALUES ('229', '53', '77');
INSERT INTO res_review (Res_review_ID, User_ID, Res_ID) VALUES ('230', '66', '78');
INSERT INTO res_review (Res_review_ID, User_ID, Res_ID) VALUES ('231', '15', '79');
INSERT INTO res_review (Res_review_ID, User_ID, Res_ID) VALUES ('232', '3', '79');
INSERT INTO res_review (Res_review_ID, User_ID, Res_ID) VALUES ('233', '61', '79');
INSERT INTO res_review (Res_review_ID, User_ID, Res_ID) VALUES ('234', '54', '80');
INSERT INTO res_review (Res_review_ID, User_ID, Res_ID) VALUES ('235', '75', '80');
INSERT INTO res_review (Res_review_ID, User_ID, Res_ID) VALUES ('236', '22', '81');
INSERT INTO res_review (Res_review_ID, User_ID, Res_ID) VALUES ('237', '78', '81');
INSERT INTO res_review (Res_review_ID, User_ID, Res_ID) VALUES ('238', '85', '81');
INSERT INTO res_review (Res_review_ID, User_ID, Res_ID) VALUES ('239', '16', '82');
INSERT INTO res_review (Res_review_ID, User_ID, Res_ID) VALUES ('240', '34', '82');
INSERT INTO res_review (Res_review_ID, User_ID, Res_ID) VALUES ('241', '44', '82');
INSERT INTO res_review (Res_review_ID, User_ID, Res_ID) VALUES ('242', '80', '82');
INSERT INTO res_review (Res_review_ID, User_ID, Res_ID) VALUES ('243', '43', '83');
INSERT INTO res_review (Res_review_ID, User_ID, Res_ID) VALUES ('244', '65', '83');
INSERT INTO res_review (Res_review_ID, User_ID, Res_ID) VALUES ('245', '7', '83');
INSERT INTO res_review (Res_review_ID, User_ID, Res_ID) VALUES ('246', '78', '83');
INSERT INTO res_review (Res_review_ID, User_ID, Res_ID) VALUES ('247', '88', '83');
INSERT INTO res_review (Res_review_ID, User_ID, Res_ID) VALUES ('248', '47', '84');
INSERT INTO res_review (Res_review_ID, User_ID, Res_ID) VALUES ('249', '67', '84');
INSERT INTO res_review (Res_review_ID, User_ID, Res_ID) VALUES ('250', '93', '84');
INSERT INTO res_review (Res_review_ID, User_ID, Res_ID) VALUES ('251', '26', '85');
INSERT INTO res_review (Res_review_ID, User_ID, Res_ID) VALUES ('252', '59', '85');
INSERT INTO res_review (Res_review_ID, User_ID, Res_ID) VALUES ('253', '62', '86');
INSERT INTO res_review (Res_review_ID, User_ID, Res_ID) VALUES ('254', '85', '86');
INSERT INTO res_review (Res_review_ID, User_ID, Res_ID) VALUES ('255', '93', '86');
INSERT INTO res_review (Res_review_ID, User_ID, Res_ID) VALUES ('256', '35', '87');
INSERT INTO res_review (Res_review_ID, User_ID, Res_ID) VALUES ('257', '69', '87');
INSERT INTO res_review (Res_review_ID, User_ID, Res_ID) VALUES ('258', '3', '88');
INSERT INTO res_review (Res_review_ID, User_ID, Res_ID) VALUES ('259', '40', '88');
INSERT INTO res_review (Res_review_ID, User_ID, Res_ID) VALUES ('260', '55', '88');
INSERT INTO res_review (Res_review_ID, User_ID, Res_ID) VALUES ('261', '77', '89');
INSERT INTO res_review (Res_review_ID, User_ID, Res_ID) VALUES ('262', '25', '90');
INSERT INTO res_review (Res_review_ID, User_ID, Res_ID) VALUES ('263', '47', '90');
INSERT INTO res_review (Res_review_ID, User_ID, Res_ID) VALUES ('264', '58', '90');
INSERT INTO res_review (Res_review_ID, User_ID, Res_ID) VALUES ('265', '6', '90');
INSERT INTO res_review (Res_review_ID, User_ID, Res_ID) VALUES ('266', '93', '90');
INSERT INTO res_review (Res_review_ID, User_ID, Res_ID) VALUES ('267', '11', '91');
INSERT INTO res_review (Res_review_ID, User_ID, Res_ID) VALUES ('268', '32', '91');
INSERT INTO res_review (Res_review_ID, User_ID, Res_ID) VALUES ('269', '35', '91');
INSERT INTO res_review (Res_review_ID, User_ID, Res_ID) VALUES ('270', '66', '91');
INSERT INTO res_review (Res_review_ID, User_ID, Res_ID) VALUES ('271', '90', '91');
INSERT INTO res_review (Res_review_ID, User_ID, Res_ID) VALUES ('272', '39', '92');
INSERT INTO res_review (Res_review_ID, User_ID, Res_ID) VALUES ('273', '43', '94');
INSERT INTO res_review (Res_review_ID, User_ID, Res_ID) VALUES ('274', '10', '95');
INSERT INTO res_review (Res_review_ID, User_ID, Res_ID) VALUES ('275', '22', '95');
INSERT INTO res_review (Res_review_ID, User_ID, Res_ID) VALUES ('276', '35', '95');
INSERT INTO res_review (Res_review_ID, User_ID, Res_ID) VALUES ('277', '57', '95');
INSERT INTO res_review (Res_review_ID, User_ID, Res_ID) VALUES ('278', '77', '95');
INSERT INTO res_review (Res_review_ID, User_ID, Res_ID) VALUES ('279', '94', '95');
INSERT INTO res_review (Res_review_ID, User_ID, Res_ID) VALUES ('280', '98', '95');
INSERT INTO res_review (Res_review_ID, User_ID, Res_ID) VALUES ('281', '74', '96');
INSERT INTO res_review (Res_review_ID, User_ID, Res_ID) VALUES ('282', '78', '96');
INSERT INTO res_review (Res_review_ID, User_ID, Res_ID) VALUES ('283', '43', '97');
INSERT INTO res_review (Res_review_ID, User_ID, Res_ID) VALUES ('284', '45', '97');
INSERT INTO res_review (Res_review_ID, User_ID, Res_ID) VALUES ('285', '68', '97');
INSERT INTO res_review (Res_review_ID, User_ID, Res_ID) VALUES ('286', '79', '97');
INSERT INTO res_review (Res_review_ID, User_ID, Res_ID) VALUES ('287', '34', '98');
INSERT INTO res_review (Res_review_ID, User_ID, Res_ID) VALUES ('288', '14', '99');
INSERT INTO res_review (Res_review_ID, User_ID, Res_ID) VALUES ('289', '19', '99');
INSERT INTO res_review (Res_review_ID, User_ID, Res_ID) VALUES ('290', '47', '99');
INSERT INTO res_review (Res_review_ID, User_ID, Res_ID) VALUES ('291', '62', '99');
INSERT INTO res_review (Res_review_ID, User_ID, Res_ID) VALUES ('292', '34', '100');
INSERT INTO res_review (Res_review_ID, User_ID, Res_ID) VALUES ('293', '46', '100');
INSERT INTO res_review (Res_review_ID, User_ID, Res_ID) VALUES ('294', '69', '100');

INSERT INTO res_review_content (Res_review_ID, Res_review_item_ID) VALUES ('1', '5');
INSERT INTO res_review_content (Res_review_ID, Res_review_item_ID) VALUES ('2', '4');
INSERT INTO res_review_content (Res_review_ID, Res_review_item_ID) VALUES ('3', '1');
INSERT INTO res_review_content (Res_review_ID, Res_review_item_ID) VALUES ('4', '4');
INSERT INTO res_review_content (Res_review_ID, Res_review_item_ID) VALUES ('5', '5');
INSERT INTO res_review_content (Res_review_ID, Res_review_item_ID) VALUES ('6', '1');
INSERT INTO res_review_content (Res_review_ID, Res_review_item_ID) VALUES ('7', '5');
INSERT INTO res_review_content (Res_review_ID, Res_review_item_ID) VALUES ('8', '1');
INSERT INTO res_review_content (Res_review_ID, Res_review_item_ID) VALUES ('9', '2');
INSERT INTO res_review_content (Res_review_ID, Res_review_item_ID) VALUES ('10', '2');
INSERT INTO res_review_content (Res_review_ID, Res_review_item_ID) VALUES ('11', '4');
INSERT INTO res_review_content (Res_review_ID, Res_review_item_ID) VALUES ('12', '3');
INSERT INTO res_review_content (Res_review_ID, Res_review_item_ID) VALUES ('13', '1');
INSERT INTO res_review_content (Res_review_ID, Res_review_item_ID) VALUES ('14', '1');
INSERT INTO res_review_content (Res_review_ID, Res_review_item_ID) VALUES ('15', '3');
INSERT INTO res_review_content (Res_review_ID, Res_review_item_ID) VALUES ('16', '3');
INSERT INTO res_review_content (Res_review_ID, Res_review_item_ID) VALUES ('17', '5');
INSERT INTO res_review_content (Res_review_ID, Res_review_item_ID) VALUES ('18', '1');
INSERT INTO res_review_content (Res_review_ID, Res_review_item_ID) VALUES ('19', '4');
INSERT INTO res_review_content (Res_review_ID, Res_review_item_ID) VALUES ('20', '3');
INSERT INTO res_review_content (Res_review_ID, Res_review_item_ID) VALUES ('21', '5');
INSERT INTO res_review_content (Res_review_ID, Res_review_item_ID) VALUES ('22', '1');
INSERT INTO res_review_content (Res_review_ID, Res_review_item_ID) VALUES ('23', '3');
INSERT INTO res_review_content (Res_review_ID, Res_review_item_ID) VALUES ('24', '3');
INSERT INTO res_review_content (Res_review_ID, Res_review_item_ID) VALUES ('25', '4');
INSERT INTO res_review_content (Res_review_ID, Res_review_item_ID) VALUES ('26', '1');
INSERT INTO res_review_content (Res_review_ID, Res_review_item_ID) VALUES ('27', '1');
INSERT INTO res_review_content (Res_review_ID, Res_review_item_ID) VALUES ('28', '3');
INSERT INTO res_review_content (Res_review_ID, Res_review_item_ID) VALUES ('29', '1');
INSERT INTO res_review_content (Res_review_ID, Res_review_item_ID) VALUES ('30', '3');
INSERT INTO res_review_content (Res_review_ID, Res_review_item_ID) VALUES ('31', '1');
INSERT INTO res_review_content (Res_review_ID, Res_review_item_ID) VALUES ('32', '4');
INSERT INTO res_review_content (Res_review_ID, Res_review_item_ID) VALUES ('33', '2');
INSERT INTO res_review_content (Res_review_ID, Res_review_item_ID) VALUES ('34', '5');
INSERT INTO res_review_content (Res_review_ID, Res_review_item_ID) VALUES ('35', '4');
INSERT INTO res_review_content (Res_review_ID, Res_review_item_ID) VALUES ('36', '2');
INSERT INTO res_review_content (Res_review_ID, Res_review_item_ID) VALUES ('37', '3');
INSERT INTO res_review_content (Res_review_ID, Res_review_item_ID) VALUES ('38', '5');
INSERT INTO res_review_content (Res_review_ID, Res_review_item_ID) VALUES ('39', '4');
INSERT INTO res_review_content (Res_review_ID, Res_review_item_ID) VALUES ('40', '1');
INSERT INTO res_review_content (Res_review_ID, Res_review_item_ID) VALUES ('41', '2');
INSERT INTO res_review_content (Res_review_ID, Res_review_item_ID) VALUES ('42', '4');
INSERT INTO res_review_content (Res_review_ID, Res_review_item_ID) VALUES ('43', '2');
INSERT INTO res_review_content (Res_review_ID, Res_review_item_ID) VALUES ('44', '4');
INSERT INTO res_review_content (Res_review_ID, Res_review_item_ID) VALUES ('45', '5');
INSERT INTO res_review_content (Res_review_ID, Res_review_item_ID) VALUES ('46', '3');
INSERT INTO res_review_content (Res_review_ID, Res_review_item_ID) VALUES ('47', '5');
INSERT INTO res_review_content (Res_review_ID, Res_review_item_ID) VALUES ('48', '1');
INSERT INTO res_review_content (Res_review_ID, Res_review_item_ID) VALUES ('49', '1');
INSERT INTO res_review_content (Res_review_ID, Res_review_item_ID) VALUES ('50', '5');
INSERT INTO res_review_content (Res_review_ID, Res_review_item_ID) VALUES ('51', '5');
INSERT INTO res_review_content (Res_review_ID, Res_review_item_ID) VALUES ('52', '4');
INSERT INTO res_review_content (Res_review_ID, Res_review_item_ID) VALUES ('53', '1');
INSERT INTO res_review_content (Res_review_ID, Res_review_item_ID) VALUES ('54', '5');
INSERT INTO res_review_content (Res_review_ID, Res_review_item_ID) VALUES ('55', '3');
INSERT INTO res_review_content (Res_review_ID, Res_review_item_ID) VALUES ('56', '5');
INSERT INTO res_review_content (Res_review_ID, Res_review_item_ID) VALUES ('57', '3');
INSERT INTO res_review_content (Res_review_ID, Res_review_item_ID) VALUES ('58', '1');
INSERT INTO res_review_content (Res_review_ID, Res_review_item_ID) VALUES ('59', '5');
INSERT INTO res_review_content (Res_review_ID, Res_review_item_ID) VALUES ('60', '1');
INSERT INTO res_review_content (Res_review_ID, Res_review_item_ID) VALUES ('61', '3');
INSERT INTO res_review_content (Res_review_ID, Res_review_item_ID) VALUES ('62', '1');
INSERT INTO res_review_content (Res_review_ID, Res_review_item_ID) VALUES ('63', '5');
INSERT INTO res_review_content (Res_review_ID, Res_review_item_ID) VALUES ('64', '2');
INSERT INTO res_review_content (Res_review_ID, Res_review_item_ID) VALUES ('65', '2');
INSERT INTO res_review_content (Res_review_ID, Res_review_item_ID) VALUES ('66', '4');
INSERT INTO res_review_content (Res_review_ID, Res_review_item_ID) VALUES ('67', '1');
INSERT INTO res_review_content (Res_review_ID, Res_review_item_ID) VALUES ('68', '4');
INSERT INTO res_review_content (Res_review_ID, Res_review_item_ID) VALUES ('69', '1');
INSERT INTO res_review_content (Res_review_ID, Res_review_item_ID) VALUES ('70', '1');
INSERT INTO res_review_content (Res_review_ID, Res_review_item_ID) VALUES ('71', '4');
INSERT INTO res_review_content (Res_review_ID, Res_review_item_ID) VALUES ('72', '1');
INSERT INTO res_review_content (Res_review_ID, Res_review_item_ID) VALUES ('73', '5');
INSERT INTO res_review_content (Res_review_ID, Res_review_item_ID) VALUES ('74', '6');
INSERT INTO res_review_content (Res_review_ID, Res_review_item_ID) VALUES ('75', '4');
INSERT INTO res_review_content (Res_review_ID, Res_review_item_ID) VALUES ('76', '3');
INSERT INTO res_review_content (Res_review_ID, Res_review_item_ID) VALUES ('77', '3');
INSERT INTO res_review_content (Res_review_ID, Res_review_item_ID) VALUES ('78', '5');
INSERT INTO res_review_content (Res_review_ID, Res_review_item_ID) VALUES ('79', '5');
INSERT INTO res_review_content (Res_review_ID, Res_review_item_ID) VALUES ('80', '2');
INSERT INTO res_review_content (Res_review_ID, Res_review_item_ID) VALUES ('81', '3');
INSERT INTO res_review_content (Res_review_ID, Res_review_item_ID) VALUES ('82', '4');
INSERT INTO res_review_content (Res_review_ID, Res_review_item_ID) VALUES ('83', '5');
INSERT INTO res_review_content (Res_review_ID, Res_review_item_ID) VALUES ('84', '2');
INSERT INTO res_review_content (Res_review_ID, Res_review_item_ID) VALUES ('85', '4');
INSERT INTO res_review_content (Res_review_ID, Res_review_item_ID) VALUES ('86', '1');
INSERT INTO res_review_content (Res_review_ID, Res_review_item_ID) VALUES ('87', '3');
INSERT INTO res_review_content (Res_review_ID, Res_review_item_ID) VALUES ('88', '4');
INSERT INTO res_review_content (Res_review_ID, Res_review_item_ID) VALUES ('89', '2');
INSERT INTO res_review_content (Res_review_ID, Res_review_item_ID) VALUES ('90', '4');
INSERT INTO res_review_content (Res_review_ID, Res_review_item_ID) VALUES ('91', '2');
INSERT INTO res_review_content (Res_review_ID, Res_review_item_ID) VALUES ('92', '1');
INSERT INTO res_review_content (Res_review_ID, Res_review_item_ID) VALUES ('93', '1');
INSERT INTO res_review_content (Res_review_ID, Res_review_item_ID) VALUES ('94', '4');
INSERT INTO res_review_content (Res_review_ID, Res_review_item_ID) VALUES ('95', '2');
INSERT INTO res_review_content (Res_review_ID, Res_review_item_ID) VALUES ('96', '4');
INSERT INTO res_review_content (Res_review_ID, Res_review_item_ID) VALUES ('97', '2');
INSERT INTO res_review_content (Res_review_ID, Res_review_item_ID) VALUES ('98', '3');
INSERT INTO res_review_content (Res_review_ID, Res_review_item_ID) VALUES ('99', '1');
INSERT INTO res_review_content (Res_review_ID, Res_review_item_ID) VALUES ('100', '1');
INSERT INTO res_review_content (Res_review_ID, Res_review_item_ID) VALUES ('101', '4');
INSERT INTO res_review_content (Res_review_ID, Res_review_item_ID) VALUES ('102', '5');
INSERT INTO res_review_content (Res_review_ID, Res_review_item_ID) VALUES ('103', '4');
INSERT INTO res_review_content (Res_review_ID, Res_review_item_ID) VALUES ('104', '1');
INSERT INTO res_review_content (Res_review_ID, Res_review_item_ID) VALUES ('105', '1');
INSERT INTO res_review_content (Res_review_ID, Res_review_item_ID) VALUES ('106', '5');
INSERT INTO res_review_content (Res_review_ID, Res_review_item_ID) VALUES ('107', '1');
INSERT INTO res_review_content (Res_review_ID, Res_review_item_ID) VALUES ('108', '4');
INSERT INTO res_review_content (Res_review_ID, Res_review_item_ID) VALUES ('109', '3');
INSERT INTO res_review_content (Res_review_ID, Res_review_item_ID) VALUES ('110', '1');
INSERT INTO res_review_content (Res_review_ID, Res_review_item_ID) VALUES ('111', '2');
INSERT INTO res_review_content (Res_review_ID, Res_review_item_ID) VALUES ('112', '3');
INSERT INTO res_review_content (Res_review_ID, Res_review_item_ID) VALUES ('113', '1');
INSERT INTO res_review_content (Res_review_ID, Res_review_item_ID) VALUES ('114', '1');
INSERT INTO res_review_content (Res_review_ID, Res_review_item_ID) VALUES ('115', '5');
INSERT INTO res_review_content (Res_review_ID, Res_review_item_ID) VALUES ('116', '5');
INSERT INTO res_review_content (Res_review_ID, Res_review_item_ID) VALUES ('117', '2');
INSERT INTO res_review_content (Res_review_ID, Res_review_item_ID) VALUES ('118', '3');
INSERT INTO res_review_content (Res_review_ID, Res_review_item_ID) VALUES ('119', '5');
INSERT INTO res_review_content (Res_review_ID, Res_review_item_ID) VALUES ('120', '1');
INSERT INTO res_review_content (Res_review_ID, Res_review_item_ID) VALUES ('121', '3');
INSERT INTO res_review_content (Res_review_ID, Res_review_item_ID) VALUES ('122', '4');
INSERT INTO res_review_content (Res_review_ID, Res_review_item_ID) VALUES ('123', '2');
INSERT INTO res_review_content (Res_review_ID, Res_review_item_ID) VALUES ('124', '1');
INSERT INTO res_review_content (Res_review_ID, Res_review_item_ID) VALUES ('125', '2');
INSERT INTO res_review_content (Res_review_ID, Res_review_item_ID) VALUES ('126', '4');
INSERT INTO res_review_content (Res_review_ID, Res_review_item_ID) VALUES ('127', '5');
INSERT INTO res_review_content (Res_review_ID, Res_review_item_ID) VALUES ('128', '5');
INSERT INTO res_review_content (Res_review_ID, Res_review_item_ID) VALUES ('129', '4');
INSERT INTO res_review_content (Res_review_ID, Res_review_item_ID) VALUES ('130', '2');
INSERT INTO res_review_content (Res_review_ID, Res_review_item_ID) VALUES ('131', '3');
INSERT INTO res_review_content (Res_review_ID, Res_review_item_ID) VALUES ('132', '5');
INSERT INTO res_review_content (Res_review_ID, Res_review_item_ID) VALUES ('133', '4');
INSERT INTO res_review_content (Res_review_ID, Res_review_item_ID) VALUES ('134', '2');
INSERT INTO res_review_content (Res_review_ID, Res_review_item_ID) VALUES ('135', '3');
INSERT INTO res_review_content (Res_review_ID, Res_review_item_ID) VALUES ('136', '1');
INSERT INTO res_review_content (Res_review_ID, Res_review_item_ID) VALUES ('137', '5');
INSERT INTO res_review_content (Res_review_ID, Res_review_item_ID) VALUES ('138', '3');
INSERT INTO res_review_content (Res_review_ID, Res_review_item_ID) VALUES ('139', '4');
INSERT INTO res_review_content (Res_review_ID, Res_review_item_ID) VALUES ('140', '1');
INSERT INTO res_review_content (Res_review_ID, Res_review_item_ID) VALUES ('141', '2');
INSERT INTO res_review_content (Res_review_ID, Res_review_item_ID) VALUES ('142', '2');
INSERT INTO res_review_content (Res_review_ID, Res_review_item_ID) VALUES ('143', '2');
INSERT INTO res_review_content (Res_review_ID, Res_review_item_ID) VALUES ('144', '4');
INSERT INTO res_review_content (Res_review_ID, Res_review_item_ID) VALUES ('145', '5');
INSERT INTO res_review_content (Res_review_ID, Res_review_item_ID) VALUES ('146', '3');
INSERT INTO res_review_content (Res_review_ID, Res_review_item_ID) VALUES ('147', '4');
INSERT INTO res_review_content (Res_review_ID, Res_review_item_ID) VALUES ('148', '2');
INSERT INTO res_review_content (Res_review_ID, Res_review_item_ID) VALUES ('149', '1');
INSERT INTO res_review_content (Res_review_ID, Res_review_item_ID) VALUES ('150', '5');
INSERT INTO res_review_content (Res_review_ID, Res_review_item_ID) VALUES ('151', '2');
INSERT INTO res_review_content (Res_review_ID, Res_review_item_ID) VALUES ('152', '5');
INSERT INTO res_review_content (Res_review_ID, Res_review_item_ID) VALUES ('153', '5');
INSERT INTO res_review_content (Res_review_ID, Res_review_item_ID) VALUES ('154', '2');
INSERT INTO res_review_content (Res_review_ID, Res_review_item_ID) VALUES ('155', '1');
INSERT INTO res_review_content (Res_review_ID, Res_review_item_ID) VALUES ('156', '4');
INSERT INTO res_review_content (Res_review_ID, Res_review_item_ID) VALUES ('157', '3');
INSERT INTO res_review_content (Res_review_ID, Res_review_item_ID) VALUES ('158', '1');
INSERT INTO res_review_content (Res_review_ID, Res_review_item_ID) VALUES ('159', '2');
INSERT INTO res_review_content (Res_review_ID, Res_review_item_ID) VALUES ('160', '1');
INSERT INTO res_review_content (Res_review_ID, Res_review_item_ID) VALUES ('161', '2');
INSERT INTO res_review_content (Res_review_ID, Res_review_item_ID) VALUES ('162', '4');
INSERT INTO res_review_content (Res_review_ID, Res_review_item_ID) VALUES ('163', '2');
INSERT INTO res_review_content (Res_review_ID, Res_review_item_ID) VALUES ('164', '5');
INSERT INTO res_review_content (Res_review_ID, Res_review_item_ID) VALUES ('165', '3');
INSERT INTO res_review_content (Res_review_ID, Res_review_item_ID) VALUES ('166', '5');
INSERT INTO res_review_content (Res_review_ID, Res_review_item_ID) VALUES ('167', '4');
INSERT INTO res_review_content (Res_review_ID, Res_review_item_ID) VALUES ('168', '1');
INSERT INTO res_review_content (Res_review_ID, Res_review_item_ID) VALUES ('169', '4');
INSERT INTO res_review_content (Res_review_ID, Res_review_item_ID) VALUES ('170', '6');
INSERT INTO res_review_content (Res_review_ID, Res_review_item_ID) VALUES ('171', '5');
INSERT INTO res_review_content (Res_review_ID, Res_review_item_ID) VALUES ('172', '1');
INSERT INTO res_review_content (Res_review_ID, Res_review_item_ID) VALUES ('173', '2');
INSERT INTO res_review_content (Res_review_ID, Res_review_item_ID) VALUES ('174', '1');
INSERT INTO res_review_content (Res_review_ID, Res_review_item_ID) VALUES ('175', '2');
INSERT INTO res_review_content (Res_review_ID, Res_review_item_ID) VALUES ('176', '2');
INSERT INTO res_review_content (Res_review_ID, Res_review_item_ID) VALUES ('177', '4');
INSERT INTO res_review_content (Res_review_ID, Res_review_item_ID) VALUES ('178', '1');
INSERT INTO res_review_content (Res_review_ID, Res_review_item_ID) VALUES ('179', '4');
INSERT INTO res_review_content (Res_review_ID, Res_review_item_ID) VALUES ('180', '2');
INSERT INTO res_review_content (Res_review_ID, Res_review_item_ID) VALUES ('181', '5');
INSERT INTO res_review_content (Res_review_ID, Res_review_item_ID) VALUES ('182', '1');
INSERT INTO res_review_content (Res_review_ID, Res_review_item_ID) VALUES ('183', '3');
INSERT INTO res_review_content (Res_review_ID, Res_review_item_ID) VALUES ('184', '2');
INSERT INTO res_review_content (Res_review_ID, Res_review_item_ID) VALUES ('185', '5');
INSERT INTO res_review_content (Res_review_ID, Res_review_item_ID) VALUES ('186', '2');
INSERT INTO res_review_content (Res_review_ID, Res_review_item_ID) VALUES ('187', '5');
INSERT INTO res_review_content (Res_review_ID, Res_review_item_ID) VALUES ('188', '3');
INSERT INTO res_review_content (Res_review_ID, Res_review_item_ID) VALUES ('189', '4');
INSERT INTO res_review_content (Res_review_ID, Res_review_item_ID) VALUES ('190', '5');
INSERT INTO res_review_content (Res_review_ID, Res_review_item_ID) VALUES ('191', '1');
INSERT INTO res_review_content (Res_review_ID, Res_review_item_ID) VALUES ('192', '1');
INSERT INTO res_review_content (Res_review_ID, Res_review_item_ID) VALUES ('193', '1');
INSERT INTO res_review_content (Res_review_ID, Res_review_item_ID) VALUES ('194', '5');
INSERT INTO res_review_content (Res_review_ID, Res_review_item_ID) VALUES ('195', '4');
INSERT INTO res_review_content (Res_review_ID, Res_review_item_ID) VALUES ('196', '2');
INSERT INTO res_review_content (Res_review_ID, Res_review_item_ID) VALUES ('197', '4');
INSERT INTO res_review_content (Res_review_ID, Res_review_item_ID) VALUES ('198', '3');
INSERT INTO res_review_content (Res_review_ID, Res_review_item_ID) VALUES ('199', '4');
INSERT INTO res_review_content (Res_review_ID, Res_review_item_ID) VALUES ('200', '2');
INSERT INTO res_review_content (Res_review_ID, Res_review_item_ID) VALUES ('201', '2');
INSERT INTO res_review_content (Res_review_ID, Res_review_item_ID) VALUES ('202', '2');
INSERT INTO res_review_content (Res_review_ID, Res_review_item_ID) VALUES ('203', '3');
INSERT INTO res_review_content (Res_review_ID, Res_review_item_ID) VALUES ('204', '3');
INSERT INTO res_review_content (Res_review_ID, Res_review_item_ID) VALUES ('205', '6');
INSERT INTO res_review_content (Res_review_ID, Res_review_item_ID) VALUES ('206', '6');
INSERT INTO res_review_content (Res_review_ID, Res_review_item_ID) VALUES ('207', '3');
INSERT INTO res_review_content (Res_review_ID, Res_review_item_ID) VALUES ('208', '3');
INSERT INTO res_review_content (Res_review_ID, Res_review_item_ID) VALUES ('209', '3');
INSERT INTO res_review_content (Res_review_ID, Res_review_item_ID) VALUES ('210', '3');
INSERT INTO res_review_content (Res_review_ID, Res_review_item_ID) VALUES ('211', '5');
INSERT INTO res_review_content (Res_review_ID, Res_review_item_ID) VALUES ('212', '3');
INSERT INTO res_review_content (Res_review_ID, Res_review_item_ID) VALUES ('213', '3');
INSERT INTO res_review_content (Res_review_ID, Res_review_item_ID) VALUES ('214', '6');
INSERT INTO res_review_content (Res_review_ID, Res_review_item_ID) VALUES ('215', '6');
INSERT INTO res_review_content (Res_review_ID, Res_review_item_ID) VALUES ('216', '6');
INSERT INTO res_review_content (Res_review_ID, Res_review_item_ID) VALUES ('217', '1');
INSERT INTO res_review_content (Res_review_ID, Res_review_item_ID) VALUES ('218', '3');
INSERT INTO res_review_content (Res_review_ID, Res_review_item_ID) VALUES ('219', '4');
INSERT INTO res_review_content (Res_review_ID, Res_review_item_ID) VALUES ('220', '5');
INSERT INTO res_review_content (Res_review_ID, Res_review_item_ID) VALUES ('221', '3');
INSERT INTO res_review_content (Res_review_ID, Res_review_item_ID) VALUES ('222', '5');
INSERT INTO res_review_content (Res_review_ID, Res_review_item_ID) VALUES ('223', '4');
INSERT INTO res_review_content (Res_review_ID, Res_review_item_ID) VALUES ('224', '1');
INSERT INTO res_review_content (Res_review_ID, Res_review_item_ID) VALUES ('225', '2');
INSERT INTO res_review_content (Res_review_ID, Res_review_item_ID) VALUES ('226', '5');
INSERT INTO res_review_content (Res_review_ID, Res_review_item_ID) VALUES ('227', '5');
INSERT INTO res_review_content (Res_review_ID, Res_review_item_ID) VALUES ('228', '4');
INSERT INTO res_review_content (Res_review_ID, Res_review_item_ID) VALUES ('229', '4');
INSERT INTO res_review_content (Res_review_ID, Res_review_item_ID) VALUES ('230', '2');
INSERT INTO res_review_content (Res_review_ID, Res_review_item_ID) VALUES ('231', '2');
INSERT INTO res_review_content (Res_review_ID, Res_review_item_ID) VALUES ('232', '3');
INSERT INTO res_review_content (Res_review_ID, Res_review_item_ID) VALUES ('233', '4');
INSERT INTO res_review_content (Res_review_ID, Res_review_item_ID) VALUES ('234', '5');
INSERT INTO res_review_content (Res_review_ID, Res_review_item_ID) VALUES ('235', '1');
INSERT INTO res_review_content (Res_review_ID, Res_review_item_ID) VALUES ('236', '1');
INSERT INTO res_review_content (Res_review_ID, Res_review_item_ID) VALUES ('237', '3');
INSERT INTO res_review_content (Res_review_ID, Res_review_item_ID) VALUES ('238', '4');
INSERT INTO res_review_content (Res_review_ID, Res_review_item_ID) VALUES ('239', '1');
INSERT INTO res_review_content (Res_review_ID, Res_review_item_ID) VALUES ('240', '4');
INSERT INTO res_review_content (Res_review_ID, Res_review_item_ID) VALUES ('241', '1');
INSERT INTO res_review_content (Res_review_ID, Res_review_item_ID) VALUES ('242', '4');
INSERT INTO res_review_content (Res_review_ID, Res_review_item_ID) VALUES ('243', '5');
INSERT INTO res_review_content (Res_review_ID, Res_review_item_ID) VALUES ('244', '3');
INSERT INTO res_review_content (Res_review_ID, Res_review_item_ID) VALUES ('245', '1');
INSERT INTO res_review_content (Res_review_ID, Res_review_item_ID) VALUES ('246', '1');
INSERT INTO res_review_content (Res_review_ID, Res_review_item_ID) VALUES ('247', '2');
INSERT INTO res_review_content (Res_review_ID, Res_review_item_ID) VALUES ('248', '1');
INSERT INTO res_review_content (Res_review_ID, Res_review_item_ID) VALUES ('249', '3');
INSERT INTO res_review_content (Res_review_ID, Res_review_item_ID) VALUES ('250', '1');
INSERT INTO res_review_content (Res_review_ID, Res_review_item_ID) VALUES ('251', '3');
INSERT INTO res_review_content (Res_review_ID, Res_review_item_ID) VALUES ('252', '4');
INSERT INTO res_review_content (Res_review_ID, Res_review_item_ID) VALUES ('253', '3');
INSERT INTO res_review_content (Res_review_ID, Res_review_item_ID) VALUES ('254', '1');
INSERT INTO res_review_content (Res_review_ID, Res_review_item_ID) VALUES ('255', '1');
INSERT INTO res_review_content (Res_review_ID, Res_review_item_ID) VALUES ('256', '1');
INSERT INTO res_review_content (Res_review_ID, Res_review_item_ID) VALUES ('257', '2');
INSERT INTO res_review_content (Res_review_ID, Res_review_item_ID) VALUES ('258', '3');
INSERT INTO res_review_content (Res_review_ID, Res_review_item_ID) VALUES ('259', '6');
INSERT INTO res_review_content (Res_review_ID, Res_review_item_ID) VALUES ('260', '4');
INSERT INTO res_review_content (Res_review_ID, Res_review_item_ID) VALUES ('261', '4');
INSERT INTO res_review_content (Res_review_ID, Res_review_item_ID) VALUES ('262', '2');
INSERT INTO res_review_content (Res_review_ID, Res_review_item_ID) VALUES ('263', '3');
INSERT INTO res_review_content (Res_review_ID, Res_review_item_ID) VALUES ('264', '4');
INSERT INTO res_review_content (Res_review_ID, Res_review_item_ID) VALUES ('265', '3');
INSERT INTO res_review_content (Res_review_ID, Res_review_item_ID) VALUES ('266', '2');
INSERT INTO res_review_content (Res_review_ID, Res_review_item_ID) VALUES ('267', '1');
INSERT INTO res_review_content (Res_review_ID, Res_review_item_ID) VALUES ('268', '4');
INSERT INTO res_review_content (Res_review_ID, Res_review_item_ID) VALUES ('269', '5');
INSERT INTO res_review_content (Res_review_ID, Res_review_item_ID) VALUES ('270', '5');
INSERT INTO res_review_content (Res_review_ID, Res_review_item_ID) VALUES ('271', '5');
INSERT INTO res_review_content (Res_review_ID, Res_review_item_ID) VALUES ('272', '4');
INSERT INTO res_review_content (Res_review_ID, Res_review_item_ID) VALUES ('273', '3');
INSERT INTO res_review_content (Res_review_ID, Res_review_item_ID) VALUES ('274', '1');
INSERT INTO res_review_content (Res_review_ID, Res_review_item_ID) VALUES ('275', '5');
INSERT INTO res_review_content (Res_review_ID, Res_review_item_ID) VALUES ('276', '2');
INSERT INTO res_review_content (Res_review_ID, Res_review_item_ID) VALUES ('277', '3');
INSERT INTO res_review_content (Res_review_ID, Res_review_item_ID) VALUES ('278', '5');
INSERT INTO res_review_content (Res_review_ID, Res_review_item_ID) VALUES ('279', '5');
INSERT INTO res_review_content (Res_review_ID, Res_review_item_ID) VALUES ('280', '2');
INSERT INTO res_review_content (Res_review_ID, Res_review_item_ID) VALUES ('281', '4');
INSERT INTO res_review_content (Res_review_ID, Res_review_item_ID) VALUES ('282', '5');
INSERT INTO res_review_content (Res_review_ID, Res_review_item_ID) VALUES ('283', '1');
INSERT INTO res_review_content (Res_review_ID, Res_review_item_ID) VALUES ('284', '2');
INSERT INTO res_review_content (Res_review_ID, Res_review_item_ID) VALUES ('285', '3');
INSERT INTO res_review_content (Res_review_ID, Res_review_item_ID) VALUES ('286', '2');
INSERT INTO res_review_content (Res_review_ID, Res_review_item_ID) VALUES ('287', '1');
INSERT INTO res_review_content (Res_review_ID, Res_review_item_ID) VALUES ('288', '2');
INSERT INTO res_review_content (Res_review_ID, Res_review_item_ID) VALUES ('289', '5');
INSERT INTO res_review_content (Res_review_ID, Res_review_item_ID) VALUES ('290', '4');
INSERT INTO res_review_content (Res_review_ID, Res_review_item_ID) VALUES ('291', '3');
INSERT INTO res_review_content (Res_review_ID, Res_review_item_ID) VALUES ('292', '4');
INSERT INTO res_review_content (Res_review_ID, Res_review_item_ID) VALUES ('293', '2');
INSERT INTO res_review_content (Res_review_ID, Res_review_item_ID) VALUES ('294', '3');

INSERT INTO hospital (Hos_ID, Hos_name, Hos_address, Hos_num) VALUES ('1', '문영환병원', '서울특별시 서대문구 성산동', '0223354998');
INSERT INTO hospital (Hos_ID, Hos_name, Hos_address, Hos_num) VALUES ('2', '장지원병원', '서울특별시 마포구 공덕동', '0267335064');
INSERT INTO hospital (Hos_ID, Hos_name, Hos_address, Hos_num) VALUES ('3', '이영미병원', '서울특별시 마포구 상암동', '0261644870');
INSERT INTO hospital (Hos_ID, Hos_name, Hos_address, Hos_num) VALUES ('4', '이민석병원', '서울특별시 마포구 공덕동', '0292764778');
INSERT INTO hospital (Hos_ID, Hos_name, Hos_address, Hos_num) VALUES ('5', '손지은병원', '서울특별시 서대문구 망원동', '0249155819');
INSERT INTO hospital (Hos_ID, Hos_name, Hos_address, Hos_num) VALUES ('6', '김진우병원', '서울특별시 마포구 북아현동', '0293102373');
INSERT INTO hospital (Hos_ID, Hos_name, Hos_address, Hos_num) VALUES ('7', '이정식병원', '서울특별시 마포구 성산동', '0238131200');
INSERT INTO hospital (Hos_ID, Hos_name, Hos_address, Hos_num) VALUES ('8', '전광수병원', '서울특별시 마포구 신수동', '0252244358');
INSERT INTO hospital (Hos_ID, Hos_name, Hos_address, Hos_num) VALUES ('9', '이종수병원', '서울특별시 서대문구 용강동', '0242442254');
INSERT INTO hospital (Hos_ID, Hos_name, Hos_address, Hos_num) VALUES ('10', '김경희병원', '서울특별시 서대문구 연남동', '0213264059');
INSERT INTO hospital (Hos_ID, Hos_name, Hos_address, Hos_num) VALUES ('11', '권정숙병원', '서울특별시 마포구 상암동', '0212736952');
INSERT INTO hospital (Hos_ID, Hos_name, Hos_address, Hos_num) VALUES ('12', '진지은병원', '서울특별시 서대문구 상암동', '0245719893');
INSERT INTO hospital (Hos_ID, Hos_name, Hos_address, Hos_num) VALUES ('13', '김미영병원', '서울특별시 서대문구 서강동', '0218937523');
INSERT INTO hospital (Hos_ID, Hos_name, Hos_address, Hos_num) VALUES ('14', '김진호병원', '서울특별시 마포구 아현동', '0236661812');
INSERT INTO hospital (Hos_ID, Hos_name, Hos_address, Hos_num) VALUES ('15', '박정남병원', '서울특별시 마포구 상암동', '0222025575');
INSERT INTO hospital (Hos_ID, Hos_name, Hos_address, Hos_num) VALUES ('16', '김보람병원', '서울특별시 서대문구 염리동', '0224952158');
INSERT INTO hospital (Hos_ID, Hos_name, Hos_address, Hos_num) VALUES ('17', '박예은병원', '서울특별시 마포구 상암동', '0290543565');
INSERT INTO hospital (Hos_ID, Hos_name, Hos_address, Hos_num) VALUES ('18', '김광수병원', '서울특별시 마포구 신촌동', '0266677633');
INSERT INTO hospital (Hos_ID, Hos_name, Hos_address, Hos_num) VALUES ('19', '박은영병원', '서울특별시 마포구 아현동', '0248181435');
INSERT INTO hospital (Hos_ID, Hos_name, Hos_address, Hos_num) VALUES ('20', '이영환병원', '서울특별시 마포구 신수동', '0243441542');
INSERT INTO hospital (Hos_ID, Hos_name, Hos_address, Hos_num) VALUES ('21', '박종수병원', '서울특별시 서대문구 용강동', '0226903198');
INSERT INTO hospital (Hos_ID, Hos_name, Hos_address, Hos_num) VALUES ('22', '김영미병원', '서울특별시 마포구 공덕동', '0272908087');
INSERT INTO hospital (Hos_ID, Hos_name, Hos_address, Hos_num) VALUES ('23', '김경희병원', '서울특별시 서대문구 북아현동', '0222139693');
INSERT INTO hospital (Hos_ID, Hos_name, Hos_address, Hos_num) VALUES ('24', '홍하윤병원', '서울특별시 서대문구 상암동', '0222593723');
INSERT INTO hospital (Hos_ID, Hos_name, Hos_address, Hos_num) VALUES ('25', '이은정병원', '서울특별시 마포구 신촌동', '0258428413');
INSERT INTO hospital (Hos_ID, Hos_name, Hos_address, Hos_num) VALUES ('26', '강상훈병원', '서울특별시 마포구 도화동', '0258107924');
INSERT INTO hospital (Hos_ID, Hos_name, Hos_address, Hos_num) VALUES ('27', '홍미숙병원', '서울특별시 마포구 용강동', '0212432696');
INSERT INTO hospital (Hos_ID, Hos_name, Hos_address, Hos_num) VALUES ('28', '김정숙병원', '서울특별시 마포구 성산동', '0288045565');
INSERT INTO hospital (Hos_ID, Hos_name, Hos_address, Hos_num) VALUES ('29', '윤도윤병원', '서울특별시 서대문구 북아현동', '0277644654');
INSERT INTO hospital (Hos_ID, Hos_name, Hos_address, Hos_num) VALUES ('30', '강성현병원', '서울특별시 마포구 서강동', '0250069732');
INSERT INTO hospital (Hos_ID, Hos_name, Hos_address, Hos_num) VALUES ('31', '서현주병원', '서울특별시 서대문구 신수동', '0274092246');
INSERT INTO hospital (Hos_ID, Hos_name, Hos_address, Hos_num) VALUES ('32', '노수진병원', '서울특별시 서대문구 합정동', '0210213518');
INSERT INTO hospital (Hos_ID, Hos_name, Hos_address, Hos_num) VALUES ('33', '김정웅병원', '서울특별시 마포구 연남동', '0277068330');
INSERT INTO hospital (Hos_ID, Hos_name, Hos_address, Hos_num) VALUES ('34', '박하은병원', '서울특별시 마포구 북아현동', '0230569140');
INSERT INTO hospital (Hos_ID, Hos_name, Hos_address, Hos_num) VALUES ('35', '김은정병원', '서울특별시 마포구 대흥동', '0288301854');
INSERT INTO hospital (Hos_ID, Hos_name, Hos_address, Hos_num) VALUES ('36', '김광수병원', '서울특별시 마포구 대흥동', '0242705500');
INSERT INTO hospital (Hos_ID, Hos_name, Hos_address, Hos_num) VALUES ('37', '강영미병원', '서울특별시 서대문구 도화동', '0287291234');
INSERT INTO hospital (Hos_ID, Hos_name, Hos_address, Hos_num) VALUES ('38', '최영수병원', '서울특별시 마포구 서교동', '0298853545');
INSERT INTO hospital (Hos_ID, Hos_name, Hos_address, Hos_num) VALUES ('39', '김예원병원', '서울특별시 서대문구 합정동', '0227561045');
INSERT INTO hospital (Hos_ID, Hos_name, Hos_address, Hos_num) VALUES ('40', '김상호병원', '서울특별시 서대문구 성산동', '0278785715');
INSERT INTO hospital (Hos_ID, Hos_name, Hos_address, Hos_num) VALUES ('41', '김은주병원', '서울특별시 마포구 성산동', '0215641921');
INSERT INTO hospital (Hos_ID, Hos_name, Hos_address, Hos_num) VALUES ('42', '홍진우병원', '서울특별시 마포구 북아현동', '0269677874');
INSERT INTO hospital (Hos_ID, Hos_name, Hos_address, Hos_num) VALUES ('43', '오수진병원', '서울특별시 서대문구 신촌동', '0215323298');
INSERT INTO hospital (Hos_ID, Hos_name, Hos_address, Hos_num) VALUES ('44', '김지훈병원', '서울특별시 마포구 합정동', '0221811334');
INSERT INTO hospital (Hos_ID, Hos_name, Hos_address, Hos_num) VALUES ('45', '허준혁병원', '서울특별시 마포구 합정동', '0266777820');
INSERT INTO hospital (Hos_ID, Hos_name, Hos_address, Hos_num) VALUES ('46', '이은서병원', '서울특별시 서대문구 공덕동', '0232705586');
INSERT INTO hospital (Hos_ID, Hos_name, Hos_address, Hos_num) VALUES ('47', '안미정병원', '서울특별시 마포구 공덕동', '0234385138');
INSERT INTO hospital (Hos_ID, Hos_name, Hos_address, Hos_num) VALUES ('48', '한상현병원', '서울특별시 서대문구 용강동', '0245097565');
INSERT INTO hospital (Hos_ID, Hos_name, Hos_address, Hos_num) VALUES ('49', '송미정병원', '서울특별시 마포구 신수동', '0227273464');
INSERT INTO hospital (Hos_ID, Hos_name, Hos_address, Hos_num) VALUES ('50', '김아름병원', '서울특별시 마포구 연남동', '0288731598');

INSERT INTO pharmacy (drug_id, drug_name, drug_address, drug_num) VALUES ('1', '이정자약국', '서울특별시 서대문구 용강동', '0265051031');
INSERT INTO pharmacy (drug_id, drug_name, drug_address, drug_num) VALUES ('2', '배성수약국', '서울특별시 마포구 성산동', '0231521860');
INSERT INTO pharmacy (drug_id, drug_name, drug_address, drug_num) VALUES ('3', '문정수약국', '서울특별시 마포구 북아현동', '0223738906');
INSERT INTO pharmacy (drug_id, drug_name, drug_address, drug_num) VALUES ('4', '이현지약국', '서울특별시 마포구 염리동', '0257289390');
INSERT INTO pharmacy (drug_id, drug_name, drug_address, drug_num) VALUES ('5', '윤상호약국', '서울특별시 마포구 충현동', '0285793908');
INSERT INTO pharmacy (drug_id, drug_name, drug_address, drug_num) VALUES ('6', '박중수약국', '서울특별시 마포구 신촌동', '0293766515');
INSERT INTO pharmacy (drug_id, drug_name, drug_address, drug_num) VALUES ('7', '김병철약국', '서울특별시 마포구 용강동', '0238716950');
INSERT INTO pharmacy (drug_id, drug_name, drug_address, drug_num) VALUES ('8', '송민지약국', '서울특별시 마포구 대흥동', '0242862783');
INSERT INTO pharmacy (drug_id, drug_name, drug_address, drug_num) VALUES ('9', '박종수약국', '서울특별시 마포구 신수동', '0252037450');
INSERT INTO pharmacy (drug_id, drug_name, drug_address, drug_num) VALUES ('10', '정수민약국', '서울특별시 서대문구 망원동', '0247734103');
INSERT INTO pharmacy (drug_id, drug_name, drug_address, drug_num) VALUES ('11', '김영철약국', '서울특별시 서대문구 용강동', '0221262821');
INSERT INTO pharmacy (drug_id, drug_name, drug_address, drug_num) VALUES ('12', '정예은약국', '서울특별시 서대문구 합정동', '0281769637');
INSERT INTO pharmacy (drug_id, drug_name, drug_address, drug_num) VALUES ('13', '김미숙약국', '서울특별시 마포구 공덕동', '0298966357');
INSERT INTO pharmacy (drug_id, drug_name, drug_address, drug_num) VALUES ('14', '차은영약국', '서울특별시 서대문구 신수동', '0234284898');
INSERT INTO pharmacy (drug_id, drug_name, drug_address, drug_num) VALUES ('15', '서영철약국', '서울특별시 마포구 성산동', '0237815374');
INSERT INTO pharmacy (drug_id, drug_name, drug_address, drug_num) VALUES ('16', '이진호약국', '서울특별시 서대문구 공덕동', '0256678327');
INSERT INTO pharmacy (drug_id, drug_name, drug_address, drug_num) VALUES ('17', '최정수약국', '서울특별시 서대문구 신촌동', '0230966211');
INSERT INTO pharmacy (drug_id, drug_name, drug_address, drug_num) VALUES ('18', '김지연약국', '서울특별시 마포구 충현동', '0284713503');
INSERT INTO pharmacy (drug_id, drug_name, drug_address, drug_num) VALUES ('19', '이숙자약국', '서울특별시 마포구 서교동', '0263146170');
INSERT INTO pharmacy (drug_id, drug_name, drug_address, drug_num) VALUES ('20', '이준호약국', '서울특별시 서대문구 합정동', '0290958291');
INSERT INTO pharmacy (drug_id, drug_name, drug_address, drug_num) VALUES ('21', '이병철약국', '서울특별시 서대문구 염리동', '0242433205');
INSERT INTO pharmacy (drug_id, drug_name, drug_address, drug_num) VALUES ('22', '김혜진약국', '서울특별시 마포구 공덕동', '0298993638');
INSERT INTO pharmacy (drug_id, drug_name, drug_address, drug_num) VALUES ('23', '류은정약국', '서울특별시 서대문구 염리동', '0252753669');
INSERT INTO pharmacy (drug_id, drug_name, drug_address, drug_num) VALUES ('24', '노수진약국', '서울특별시 마포구 용강동', '0276038657');
INSERT INTO pharmacy (drug_id, drug_name, drug_address, drug_num) VALUES ('25', '이정순약국', '서울특별시 마포구 용강동', '0282447273');
INSERT INTO pharmacy (drug_id, drug_name, drug_address, drug_num) VALUES ('26', '장우진약국', '서울특별시 서대문구 아현동', '0232292062');
INSERT INTO pharmacy (drug_id, drug_name, drug_address, drug_num) VALUES ('27', '강지우약국', '서울특별시 서대문구 아현동', '0266408475');
INSERT INTO pharmacy (drug_id, drug_name, drug_address, drug_num) VALUES ('28', '최은정약국', '서울특별시 마포구 충현동', '0240577516');
INSERT INTO pharmacy (drug_id, drug_name, drug_address, drug_num) VALUES ('29', '최예지약국', '서울특별시 서대문구 공덕동', '0235249004');
INSERT INTO pharmacy (drug_id, drug_name, drug_address, drug_num) VALUES ('30', '이혜진약국', '서울특별시 서대문구 충현동', '0210588276');
INSERT INTO pharmacy (drug_id, drug_name, drug_address, drug_num) VALUES ('31', '박상현약국', '서울특별시 서대문구 북아현동', '0294198728');
INSERT INTO pharmacy (drug_id, drug_name, drug_address, drug_num) VALUES ('32', '이순자약국', '서울특별시 마포구 성산동', '0214978348');
INSERT INTO pharmacy (drug_id, drug_name, drug_address, drug_num) VALUES ('33', '이지은약국', '서울특별시 마포구 서교동', '0260983935');
INSERT INTO pharmacy (drug_id, drug_name, drug_address, drug_num) VALUES ('34', '노영길약국', '서울특별시 마포구 아현동', '0237072995');
INSERT INTO pharmacy (drug_id, drug_name, drug_address, drug_num) VALUES ('35', '한은정약국', '서울특별시 서대문구 도화동', '0220348480');
INSERT INTO pharmacy (drug_id, drug_name, drug_address, drug_num) VALUES ('36', '한예지약국', '서울특별시 서대문구 성산동', '0290886653');
INSERT INTO pharmacy (drug_id, drug_name, drug_address, drug_num) VALUES ('37', '송건우약국', '서울특별시 마포구 신수동', '0287266119');
INSERT INTO pharmacy (drug_id, drug_name, drug_address, drug_num) VALUES ('38', '김보람약국', '서울특별시 서대문구 연남동', '0264026896');
INSERT INTO pharmacy (drug_id, drug_name, drug_address, drug_num) VALUES ('39', '이지아약국', '서울특별시 마포구 서강동', '0224085413');
INSERT INTO pharmacy (drug_id, drug_name, drug_address, drug_num) VALUES ('40', '고영호약국', '서울특별시 서대문구 성산동', '0265613542');
INSERT INTO pharmacy (drug_id, drug_name, drug_address, drug_num) VALUES ('41', '최현지약국', '서울특별시 서대문구 아현동', '0235547463');
INSERT INTO pharmacy (drug_id, drug_name, drug_address, drug_num) VALUES ('42', '고병철약국', '서울특별시 마포구 신촌동', '0227695735');
INSERT INTO pharmacy (drug_id, drug_name, drug_address, drug_num) VALUES ('43', '최준서약국', '서울특별시 서대문구 도화동', '0258911734');
INSERT INTO pharmacy (drug_id, drug_name, drug_address, drug_num) VALUES ('44', '박예지약국', '서울특별시 마포구 아현동', '0281717563');
INSERT INTO pharmacy (drug_id, drug_name, drug_address, drug_num) VALUES ('45', '김예원약국', '서울특별시 마포구 도화동', '0230903780');
INSERT INTO pharmacy (drug_id, drug_name, drug_address, drug_num) VALUES ('46', '서서영약국', '서울특별시 서대문구 서교동', '0241429370');
INSERT INTO pharmacy (drug_id, drug_name, drug_address, drug_num) VALUES ('47', '김서영약국', '서울특별시 서대문구 용강동', '0217047305');
INSERT INTO pharmacy (drug_id, drug_name, drug_address, drug_num) VALUES ('48', '한서준약국', '서울특별시 마포구 공덕동', '0262762376');
INSERT INTO pharmacy (drug_id, drug_name, drug_address, drug_num) VALUES ('49', '김정숙약국', '서울특별시 마포구 신촌동', '0219745028');
INSERT INTO pharmacy (drug_id, drug_name, drug_address, drug_num) VALUES ('50', '황민지약국', '서울특별시 서대문구 대흥동', '0234629225');
